Date,Type,Sub Type,Action,Symbol,Instrument Type,Description,Value,Quantity,Average Price,Commissions,Fees,Multiplier,Root Symbol,Underlying Symbol,Expiration Date,Strike Price,Call or Put,Order #,Total,Currency
2025-11-22T23:20:54+0200,Money Movement,Balance Adjustment,,,,Regulatory fee adjustment,-0.02,0,,--,0.00,,,,,,,,-0.02,USD
2025-11-21T17:39:10+0200,Trade,Sell to Open,SELL_TO_OPEN,GRAB  260417C00010000,Equity Option,Sold 1 GRAB 04/17/26 Call 10.00 @ 0.07,7.00,1,7.00,-1.00,-0.12,100,GRAB,GRAB,4/17/26,10.0,CALL,422297191,5.88,USD
2025-11-21T17:39:10+0200,Trade,Buy to Open,BUY_TO_OPEN,GRAB  260417C00006000,Equity Option,Bought 1 GRAB 04/17/26 Call 6.00 @ 0.34,-34.00,1,-34.00,-1.00,-0.12,100,GRAB,GRAB,4/17/26,6.0,CALL,422297191,-35.12,USD
2025-11-21T17:17:36+0200,Trade,Sell to Close,SELL_TO_CLOSE,TSLL  280121C00020000,Equity Option,Sold 1 TSLL 01/21/28 Call 20.00 @ 8.32,832.00,1,832.00,0.00,-0.12,100,TSLL,TSLL,1/21/28,20.0,CALL,421122704,831.88,USD
2025-11-21T17:17:36+0200,Trade,Buy to Open,BUY_TO_OPEN,TSLL  280121C00015000,Equity Option,Bought 1 TSLL 01/21/28 Call 15.00 @ 9.09,-909.00,1,-909.00,-1.00,-0.12,100,TSLL,TSLL,1/21/28,15.0,CALL,421122704,-910.12,USD
2025-11-20T20:53:55+0200,Trade,Buy to Open,BUY_TO_OPEN,IBIT,Equity,Bought 1 IBIT @ 48.90,-48.90,1,-48.90,0.00,0.00,,,,,,,421933117,-48.90,USD
2025-11-20T19:36:07+0200,Trade,Sell to Close,SELL_TO_CLOSE,SPY   251121P00660000,Equity Option,Sold 1 SPY 11/21/25 Put 660.00 @ 7.81,781.00,1,781.00,0.00,-0.12,100,SPY,SPY,11/21/25,660.0,PUT,422144687,780.88,USD
2025-11-20T19:36:07+0200,Trade,Buy to Close,BUY_TO_CLOSE,SPY   251121P00655000,Equity Option,Bought 1 SPY 11/21/25 Put 655.00 @ 5.38,-538.00,1,-538.00,0.00,-0.12,100,SPY,SPY,11/21/25,655.0,PUT,422144687,-538.12,USD
2025-11-19T18:50:22+0200,Trade,Buy to Open,BUY_TO_OPEN,IBIT,Equity,Bought 1 IBIT @ 50.70,-50.70,1,-50.70,0.00,0.00,,,,,,,421667920,-50.70,USD
2025-11-17T19:46:07+0200,Trade,Buy to Open,BUY_TO_OPEN,IBIT,Equity,Bought 1 IBIT @ 52.56,-52.56,1,-52.56,0.00,0.00,,,,,,,396047463,-52.56,USD
2025-11-15T22:37:11+0200,Money Movement,Balance Adjustment,,,,Regulatory fee adjustment,0.00,0,,--,0.00,,,,,,,,0.00,USD
2025-11-13T22:17:59+0200,Trade,Buy to Open,BUY_TO_OPEN,IBIT,Equity,Bought 1 IBIT @ 55.55,-55.55,1,-55.55,0.00,0.00,,,,,,,394376166,-55.55,USD
2025-11-08T19:39:16+0200,Money Movement,Balance Adjustment,,,,Regulatory fee adjustment,-0.02,0,,--,0.00,,,,,,,,-0.02,USD
2025-11-04T19:04:00+0200,Trade,Buy to Open,BUY_TO_OPEN,IBIT,Equity,Bought 1 IBIT @ 57.72,-57.72,1,-57.72,0.00,0.00,,,,,,,396047457,-57.72,USD
2025-11-04T16:30:00+0200,Trade,Buy to Open,BUY_TO_OPEN,ECNS,Equity,Bought 1 ECNS @ 35.95,-35.95,1,-35.95,0.00,0.00,,,,,,,418084593,-35.95,USD
2025-11-03T21:11:12+0200,Trade,Sell to Close,SELL_TO_CLOSE,UUUU  251219C00025000,Equity Option,Sold 1 UUUU 12/19/25 Call 25.00 @ 1.39,139.00,1,139.00,0.00,-0.12,100,UUUU,UUUU,12/19/25,25.0,CALL,418093171,138.88,USD
2025-11-03T21:11:12+0200,Trade,Buy to Open,BUY_TO_OPEN,UUUU  251219C00020000,Equity Option,Bought 1 UUUU 12/19/25 Call 20.00 @ 2.28,-228.00,1,-228.00,-1.00,-0.12,100,UUUU,UUUU,12/19/25,20.0,CALL,418093171,-229.12,USD
2025-11-03T17:29:29+0200,Trade,Sell to Open,SELL_TO_OPEN,ETHA  260320C00035000,Equity Option,Sold 1 ETHA 03/20/26 Call 35.00 @ 2.88,288.00,1,288.00,-1.00,-0.12,100,ETHA,ETHA,3/20/26,35.0,CALL,417982677,286.88,USD
2025-11-03T17:29:29+0200,Trade,Buy to Open,BUY_TO_OPEN,ETHA  260320C00030000,Equity Option,Bought 1 ETHA 03/20/26 Call 30.00 @ 4.26,-426.00,1,-426.00,-1.00,-0.12,100,ETHA,ETHA,3/20/26,30.0,CALL,417982677,-427.12,USD
2025-11-03T16:46:36+0200,Trade,Buy to Close,BUY_TO_CLOSE,AMKR  260618C00035000,Equity Option,Bought 1 AMKR 06/18/26 Call 35.00 @ 7.61,-761.00,1,-761.00,0.00,-0.12,100,AMKR,AMKR,6/18/26,35.0,CALL,417965788,-761.12,USD
2025-11-03T16:46:36+0200,Trade,Sell to Close,SELL_TO_CLOSE,AMKR  260618C00030000,Equity Option,Sold 1 AMKR 06/18/26 Call 30.00 @ 10.15,"1,015.00",1,"1,015.00",0.00,-0.12,100,AMKR,AMKR,6/18/26,30.0,CALL,417965788,"1,014.88",USD
2025-11-01T21:11:25+0200,Money Movement,Balance Adjustment,,,,Regulatory fee adjustment,-0.03,0,,--,0.00,,,,,,,,-0.03,USD
2025-10-31T15:43:49+0200,Trade,Buy to Open,BUY_TO_OPEN,ECNS,Equity,Bought 1 ECNS @ 35.92,-35.92,1,-35.92,0.00,0.00,,,,,,,416276226,-35.92,USD
2025-10-28T16:12:40+0200,Trade,Buy to Open,BUY_TO_OPEN,ECNS,Equity,Bought 1 ECNS @ 36.23,-36.23,1,-36.23,0.00,0.00,,,,,,,416276236,-36.23,USD
2025-10-28T15:30:01+0200,Trade,Buy to Close,BUY_TO_CLOSE,GRAB  251031C00007500,Equity Option,Bought 1 GRAB 10/31/25 Call 7.50 @ 0.23,-23.00,1,-23.00,0.00,-0.12,100,GRAB,GRAB,10/31/25,7.5,CALL,416306556,-23.12,USD
2025-10-28T15:30:01+0200,Trade,Sell to Close,SELL_TO_CLOSE,GRAB  251031C00005500,Equity Option,Sold 1 GRAB 10/31/25 Call 5.50 @ 0.88,88.00,1,88.00,0.00,-0.12,100,GRAB,GRAB,10/31/25,5.5,CALL,416306556,87.88,USD
2025-10-28T15:30:01+0200,Trade,Sell to Close,SELL_TO_CLOSE,XOVR,Equity,Sold 3 XOVR @ 21.78,65.34,3,21.78,0.00,0.00,,,,,,,416276098,65.34,USD
2025-10-27T16:03:57+0200,Trade,Sell to Open,SELL_TO_OPEN,SPY   271217P00650000,Equity Option,Sold 1 SPY 12/17/27 Put 650.00 @ 45.42,"4,542.00",1,"4,542.00",-1.00,-0.12,100,SPY,SPY,12/17/27,650.0,PUT,414363390,"4,540.88",USD
2025-10-27T16:03:57+0200,Trade,Buy to Open,BUY_TO_OPEN,SPY   271217P00660000,Equity Option,Bought 1 SPY 12/17/27 Put 660.00 @ 48.30,"-4,830.00",1,"-4,830.00",-1.00,-0.12,100,SPY,SPY,12/17/27,660.0,PUT,414363390,"-4,831.12",USD
2025-10-27T15:30:10+0200,Trade,Buy to Open,BUY_TO_OPEN,UUUU  251219C00025000,Equity Option,Bought 1 UUUU 12/19/25 Call 25.00 @ 3.83,-383.00,1,-383.00,-1.00,-0.12,100,UUUU,UUUU,12/19/25,25.0,CALL,416313744,-384.12,USD
2025-10-27T15:30:10+0200,Trade,Sell to Open,SELL_TO_OPEN,UUUU  251219C00030000,Equity Option,Sold 1 UUUU 12/19/25 Call 30.00 @ 2.95,295.00,1,295.00,-1.00,-0.12,100,UUUU,UUUU,12/19/25,30.0,CALL,416313744,293.88,USD
2025-10-27T15:30:01+0200,Trade,Sell to Close,SELL_TO_CLOSE,XOVR,Equity,Sold 3 XOVR @ 21.67,65.01,3,21.67,0.00,0.00,,,,,,,416276137,65.01,USD
2025-10-25T21:44:01+0300,Money Movement,Balance Adjustment,,,,Regulatory fee adjustment,-0.02,0,,--,0.00,,,,,,,,-0.02,USD
2025-10-22T22:05:44+0300,Trade,Sell to Close,SELL_TO_CLOSE,TXN   251031P00167500,Equity Option,Sold 1 TXN 10/31/25 Put 167.50 @ 3.51,351.00,1,351.00,0.00,-0.12,100,TXN,TXN,10/31/25,167.5,PUT,415594229,350.88,USD
2025-10-22T22:05:44+0300,Trade,Buy to Close,BUY_TO_CLOSE,TXN   251031P00172500,Equity Option,Bought 1 TXN 10/31/25 Put 172.50 @ 6.49,-649.00,1,-649.00,0.00,-0.12,100,TXN,TXN,10/31/25,172.5,PUT,415594229,-649.12,USD
2025-10-22T20:04:23+0300,Trade,Buy to Open,BUY_TO_OPEN,TXN   251031P00167500,Equity Option,Bought 1 TXN 10/31/25 Put 167.50 @ 3.75,-375.00,1,-375.00,-1.00,-0.12,100,TXN,TXN,10/31/25,167.5,PUT,415512611,-376.12,USD
2025-10-22T20:04:23+0300,Trade,Sell to Open,SELL_TO_OPEN,TXN   251031P00172500,Equity Option,Sold 1 TXN 10/31/25 Put 172.50 @ 6.75,675.00,1,675.00,-1.00,-0.12,100,TXN,TXN,10/31/25,172.5,PUT,415512611,673.88,USD
2025-10-22T20:03:03+0300,Trade,Sell to Open,SELL_TO_OPEN,SLV   260918C00048000,Equity Option,Sold 1 SLV 09/18/26 Call 48.00 @ 4.17,417.00,1,417.00,-1.00,-0.12,100,SLV,SLV,9/18/26,48.0,CALL,415524416,415.88,USD
2025-10-22T20:03:03+0300,Trade,Buy to Open,BUY_TO_OPEN,SLV   260918C00043000,Equity Option,Bought 1 SLV 09/18/26 Call 43.00 @ 5.83,-583.00,1,-583.00,-1.00,-0.12,100,SLV,SLV,9/18/26,43.0,CALL,415524416,-584.12,USD
2025-10-18T22:17:18+0300,Money Movement,Balance Adjustment,,,,Regulatory fee adjustment,-0.04,0,,--,0.00,,,,,,,,-0.04,USD
2025-10-17T00:00:00+0300,Money Movement,Credit Interest,,,,INTEREST ON CREDIT BALANCE,0.02,0,,--,0.00,,,,,,,,0.02,USD
2025-10-16T16:47:55+0300,Trade,Sell to Open,SELL_TO_OPEN,IBIT  271217C00067000,Equity Option,Sold 1 IBIT 12/17/27 Call 67.00 @ 20.25,"2,025.00",1,"2,025.00",-1.00,-0.12,100,IBIT,IBIT,12/17/27,67.0,CALL,414054292,"2,023.88",USD
2025-10-16T16:47:55+0300,Trade,Buy to Open,BUY_TO_OPEN,IBIT  271217C00062000,Equity Option,Bought 1 IBIT 12/17/27 Call 62.00 @ 22.10,"-2,210.00",1,"-2,210.00",-1.00,-0.12,100,IBIT,IBIT,12/17/27,62.0,CALL,414054292,"-2,211.12",USD
2025-10-14T20:57:49+0300,Trade,Sell to Open,SELL_TO_OPEN,HOOD  280121C00145000,Equity Option,Sold 1 HOOD 01/21/28 Call 145.00 @ 53.82,"5,382.00",1,"5,382.00",-1.00,-0.12,100,HOOD,HOOD,1/21/28,145.0,CALL,413573751,"5,380.88",USD
2025-10-14T20:57:49+0300,Trade,Buy to Open,BUY_TO_OPEN,HOOD  280121C00140000,Equity Option,Bought 1 HOOD 01/21/28 Call 140.00 @ 55.57,"-5,557.00",1,"-5,557.00",-1.00,-0.12,100,HOOD,HOOD,1/21/28,140.0,CALL,413573751,"-5,558.12",USD
2025-10-14T20:40:26+0300,Trade,Buy to Close,BUY_TO_CLOSE,GLXY  260116C00045000,Equity Option,Bought 1 GLXY 01/16/26 Call 45.00 @ 7.18,-718.00,1,-718.00,0.00,-0.12,100,GLXY,GLXY,1/16/26,45.0,CALL,413510978,-718.12,USD
2025-10-14T20:40:26+0300,Trade,Sell to Close,SELL_TO_CLOSE,GLXY  260116C00040000,Equity Option,Sold 1 GLXY 01/16/26 Call 40.00 @ 8.97,897.00,1,897.00,0.00,-0.12,100,GLXY,GLXY,1/16/26,40.0,CALL,413510978,896.88,USD
2025-10-14T16:37:19+0300,Trade,Sell to Open,SELL_TO_OPEN,GLXY  260116C00045000,Equity Option,Sold 1 GLXY 01/16/26 Call 45.00 @ 5.26,526.00,1,526.00,-1.00,-0.12,100,GLXY,GLXY,1/16/26,45.0,CALL,413378789,524.88,USD
2025-10-14T16:37:19+0300,Trade,Buy to Open,BUY_TO_OPEN,GLXY  260116C00040000,Equity Option,Bought 1 GLXY 01/16/26 Call 40.00 @ 6.70,-670.00,1,-670.00,-1.00,-0.12,100,GLXY,GLXY,1/16/26,40.0,CALL,413378789,-671.12,USD
2025-10-14T16:30:01+0300,Trade,Sell to Open,SELL_TO_OPEN,IBIT  270115C00070000,Equity Option,Sold 1 IBIT 01/15/27 Call 70.00 @ 13.93,"1,393.00",1,"1,393.00",-1.00,-0.12,100,IBIT,IBIT,1/15/27,70.0,CALL,413345479,"1,391.88",USD
2025-10-14T16:30:01+0300,Trade,Buy to Open,BUY_TO_OPEN,IBIT  270115C00065000,Equity Option,Bought 1 IBIT 01/15/27 Call 65.00 @ 15.76,"-1,576.00",1,"-1,576.00",-1.00,-0.12,100,IBIT,IBIT,1/15/27,65.0,CALL,413345479,"-1,577.12",USD
2025-10-13T17:51:35+0300,Trade,Sell to Close,SELL_TO_CLOSE,SPY   251128P00585000,Equity Option,Sold 1 SPY 11/28/25 Put 585.00 @ 2.48,248.00,1,248.00,0.00,-0.12,100,SPY,SPY,11/28/25,585.0,PUT,413132103,247.88,USD
2025-10-13T17:51:35+0300,Trade,Buy to Close,BUY_TO_CLOSE,SPY   251128P00580000,Equity Option,Bought 1 SPY 11/28/25 Put 580.00 @ 2.26,-226.00,1,-226.00,0.00,-0.12,100,SPY,SPY,11/28/25,580.0,PUT,413132103,-226.12,USD
2025-10-11T23:58:00+0300,Money Movement,Balance Adjustment,,,,Regulatory fee adjustment,-0.08,0,,--,0.00,,,,,,,,-0.08,USD
2025-10-10T20:55:35+0300,Trade,Sell to Open,SELL_TO_OPEN,SPY   251121P00655000,Equity Option,Sold 1 SPY 11/21/25 Put 655.00 @ 12.50,"1,250.00",1,"1,250.00",-1.00,-0.12,100,SPY,SPY,11/21/25,655.0,PUT,412865599,"1,248.88",USD
2025-10-10T20:55:35+0300,Trade,Buy to Open,BUY_TO_OPEN,SPY   251121P00660000,Equity Option,Bought 1 SPY 11/21/25 Put 660.00 @ 14.19,"-1,419.00",1,"-1,419.00",-1.00,-0.12,100,SPY,SPY,11/21/25,660.0,PUT,412865599,"-1,420.12",USD
2025-10-10T18:31:07+0300,Trade,Sell to Open,SELL_TO_OPEN,BB    270115C00010000,Equity Option,Sold 1 BB 01/15/27 Call 10.00 @ 0.37,37.00,1,37.00,-1.00,-0.12,100,BB,BB,1/15/27,10.0,CALL,412743952,35.88,USD
2025-10-10T18:31:07+0300,Trade,Buy to Open,BUY_TO_OPEN,BB    270115C00005000,Equity Option,Bought 1 BB 01/15/27 Call 5.00 @ 1.12,-112.00,1,-112.00,-1.00,-0.12,100,BB,BB,1/15/27,5.0,CALL,412743952,-113.12,USD
2025-10-10T18:19:05+0300,Trade,Sell to Open,SELL_TO_OPEN,GRAB  251031C00007500,Equity Option,Sold 1 GRAB 10/31/25 Call 7.50 @ 0.08,8.00,1,8.00,-1.00,-0.12,100,GRAB,GRAB,10/31/25,7.5,CALL,412725562,6.88,USD
2025-10-10T18:19:05+0300,Trade,Buy to Open,BUY_TO_OPEN,GRAB  251031C00005500,Equity Option,Bought 1 GRAB 10/31/25 Call 5.50 @ 0.60,-60.00,1,-60.00,-1.00,-0.12,100,GRAB,GRAB,10/31/25,5.5,CALL,412725562,-61.12,USD
2025-10-10T18:07:11+0300,Trade,Sell to Close,SELL_TO_CLOSE,MP    251219C00095000,Equity Option,Sold 1 MP 12/19/25 Call 95.00 @ 7.40,740.00,1,740.00,0.00,-0.12,100,MP,MP,12/19/25,95.0,CALL,412647950,739.88,USD
2025-10-10T18:07:11+0300,Trade,Buy to Close,BUY_TO_CLOSE,MP    251219C00100000,Equity Option,Bought 1 MP 12/19/25 Call 100.00 @ 6.30,-630.00,1,-630.00,0.00,-0.12,100,MP,MP,12/19/25,100.0,CALL,412647950,-630.12,USD
2025-10-10T18:05:43+0300,Trade,Buy to Close,BUY_TO_CLOSE,MP    251121C00075000,Equity Option,Bought 1 MP 11/21/25 Call 75.00 @ 11.13,"-1,113.00",1,"-1,113.00",0.00,-0.12,100,MP,MP,11/21/25,75.0,CALL,412660387,"-1,113.12",USD
2025-10-10T18:05:43+0300,Trade,Sell to Close,SELL_TO_CLOSE,MP    251121C00070000,Equity Option,Sold 1 MP 11/21/25 Call 70.00 @ 13.81,"1,381.00",1,"1,381.00",0.00,-0.12,100,MP,MP,11/21/25,70.0,CALL,412660387,"1,380.88",USD
2025-10-10T16:49:55+0300,Trade,Sell to Open,SELL_TO_OPEN,MOS   280121C00035000,Equity Option,Sold 1 MOS 01/21/28 Call 35.00 @ 4.87,487.00,1,487.00,-1.00,-0.12,100,MOS,MOS,1/21/28,35.0,CALL,412623526,485.88,USD
2025-10-10T16:49:55+0300,Trade,Buy to Open,BUY_TO_OPEN,MOS   280121C00030000,Equity Option,Bought 1 MOS 01/21/28 Call 30.00 @ 6.75,-675.00,1,-675.00,-1.00,-0.12,100,MOS,MOS,1/21/28,30.0,CALL,412623526,-676.12,USD
2025-10-10T16:42:42+0300,Trade,Sell to Open,SELL_TO_OPEN,ONDS  270115C00017000,Equity Option,Sold 1 ONDS 01/15/27 Call 17.00 @ 4.04,404.00,1,404.00,-1.00,-0.12,100,ONDS,ONDS,1/15/27,17.0,CALL,412612328,402.88,USD
2025-10-10T16:42:42+0300,Trade,Buy to Open,BUY_TO_OPEN,ONDS  270115C00010000,Equity Option,Bought 1 ONDS 01/15/27 Call 10.00 @ 5.37,-537.00,1,-537.00,-1.00,-0.12,100,ONDS,ONDS,1/15/27,10.0,CALL,412612328,-538.12,USD
2025-10-10T16:40:31+0300,Trade,Sell to Open,SELL_TO_OPEN,POET  280121C00017000,Equity Option,Sold 1 POET 01/21/28 Call 17.00 @ 1.70,170.00,1,170.00,-1.00,-0.12,100,POET,POET,1/21/28,17.0,CALL,412582242,168.88,USD
2025-10-10T16:40:31+0300,Trade,Buy to Open,BUY_TO_OPEN,POET  280121C00007000,Equity Option,Bought 1 POET 01/21/28 Call 7.00 @ 3.40,-340.00,1,-340.00,-1.00,-0.12,100,POET,POET,1/21/28,7.0,CALL,412582242,-341.12,USD
2025-10-08T16:33:08+0300,Trade,Sell to Close,SELL_TO_CLOSE,ASTS  270115C00040000,Equity Option,Sold 1 ASTS 01/15/27 Call 40.00 @ 56.68,"5,668.00",1,"5,668.00",0.00,-0.12,100,ASTS,ASTS,1/15/27,40.0,CALL,411583083,"5,667.88",USD
2025-10-08T16:33:08+0300,Trade,Buy to Close,BUY_TO_CLOSE,ASTS  270115C00045000,Equity Option,Bought 1 ASTS 01/15/27 Call 45.00 @ 53.80,"-5,380.00",1,"-5,380.00",0.00,-0.12,100,ASTS,ASTS,1/15/27,45.0,CALL,411583083,"-5,380.12",USD
2025-10-07T18:36:27+0300,Trade,Sell to Open,SELL_TO_OPEN,AMKR  260618C00035000,Equity Option,Sold 1 AMKR 06/18/26 Call 35.00 @ 3.83,383.00,1,383.00,-1.00,-0.12,100,AMKR,AMKR,6/18/26,35.0,CALL,411793130,381.88,USD
2025-10-07T18:36:27+0300,Trade,Buy to Open,BUY_TO_OPEN,AMKR  260618C00030000,Equity Option,Bought 1 AMKR 06/18/26 Call 30.00 @ 5.52,-552.00,1,-552.00,-1.00,-0.12,100,AMKR,AMKR,6/18/26,30.0,CALL,411793130,-553.12,USD
2025-10-06T16:30:03+0300,Trade,Buy to Close,BUY_TO_CLOSE,RCAT  270115C00020000,Equity Option,Bought 1 RCAT 01/15/27 Call 20.00 @ 4.39,-439.00,1,-439.00,0.00,-0.12,100,RCAT,RCAT,1/15/27,20.0,CALL,411301643,-439.12,USD
2025-10-06T16:30:03+0300,Trade,Sell to Close,SELL_TO_CLOSE,RCAT  270115C00007000,Equity Option,Sold 1 RCAT 01/15/27 Call 7.00 @ 8.20,820.00,1,820.00,0.00,-0.12,100,RCAT,RCAT,1/15/27,7.0,CALL,411301643,819.88,USD
2025-10-04T23:24:09+0300,Money Movement,Balance Adjustment,,,,Regulatory fee adjustment,-0.06,0,,--,0.00,,,,,,,,-0.06,USD
2025-10-02T21:13:16+0300,Trade,Buy to Close,BUY_TO_CLOSE,ETHA  251121C00038000,Equity Option,Bought 1 ETHA 11/21/25 Call 38.00 @ 2.23,-223.00,1,-223.00,0.00,-0.12,100,ETHA,ETHA,11/21/25,38.0,CALL,410929627,-223.12,USD
2025-10-02T21:13:16+0300,Trade,Sell to Close,SELL_TO_CLOSE,ETHA  251121C00033000,Equity Option,Sold 1 ETHA 11/21/25 Call 33.00 @ 4.14,414.00,1,414.00,0.00,-0.12,100,ETHA,ETHA,11/21/25,33.0,CALL,410929627,413.88,USD
2025-10-02T18:05:13+0300,Trade,Sell to Open,SELL_TO_OPEN,TSLL  280121C00025000,Equity Option,Sold 1 TSLL 01/21/28 Call 25.00 @ 12.25,"1,225.00",1,"1,225.00",-1.00,-0.12,100,TSLL,TSLL,1/21/28,25.0,CALL,410831825,"1,223.88",USD
2025-10-02T18:05:13+0300,Trade,Buy to Open,BUY_TO_OPEN,TSLL  280121C00020000,Equity Option,Bought 1 TSLL 01/21/28 Call 20.00 @ 13.13,"-1,313.00",1,"-1,313.00",-1.00,-0.12,100,TSLL,TSLL,1/21/28,20.0,CALL,410831825,"-1,314.12",USD
2025-10-02T16:32:30+0300,Trade,Buy to Close,BUY_TO_CLOSE,IBIT  251017C00068000,Equity Option,Bought 1 IBIT 10/17/25 Call 68.00 @ 1.97,-197.00,1,-197.00,0.00,-0.12,100,IBIT,IBIT,10/17/25,68.0,CALL,408719063,-197.12,USD
2025-10-02T16:32:30+0300,Trade,Sell to Close,SELL_TO_CLOSE,IBIT  251017C00065000,Equity Option,Sold 1 IBIT 10/17/25 Call 65.00 @ 3.85,385.00,1,385.00,0.00,-0.12,100,IBIT,IBIT,10/17/25,65.0,CALL,408719063,384.88,USD
2025-09-30T21:15:09+0300,Trade,Sell to Open,SELL_TO_OPEN,GRAB  260417C00010000,Equity Option,Sold 1 GRAB 04/17/26 Call 10.00 @ 0.21,21.00,1,21.00,-1.00,-0.12,100,GRAB,GRAB,4/17/26,10.0,CALL,410328551,19.88,USD
2025-09-30T21:15:09+0300,Trade,Buy to Open,BUY_TO_OPEN,GRAB  260417C00006000,Equity Option,Bought 1 GRAB 04/17/26 Call 6.00 @ 0.95,-95.00,1,-95.00,-1.00,-0.12,100,GRAB,GRAB,4/17/26,6.0,CALL,410328551,-96.12,USD
2025-09-30T18:04:15+0300,Trade,Sell to Open,SELL_TO_OPEN,MP    251121C00075000,Equity Option,Sold 1 MP 11/21/25 Call 75.00 @ 5.31,531.00,1,531.00,-1.00,-0.12,100,MP,MP,11/21/25,75.0,CALL,410241777,529.88,USD
2025-09-30T18:04:15+0300,Trade,Buy to Open,BUY_TO_OPEN,MP    251121C00070000,Equity Option,Bought 1 MP 11/21/25 Call 70.00 @ 6.99,-699.00,1,-699.00,-1.00,-0.12,100,MP,MP,11/21/25,70.0,CALL,410241777,-700.12,USD
2025-09-30T16:43:43+0300,Trade,Buy to Close,BUY_TO_CLOSE,CRWV  260320C00165000,Equity Option,Bought 1 CRWV 03/20/26 Call 165.00 @ 24.60,"-2,460.00",1,"-2,460.00",0.00,-0.12,100,CRWV,CRWV,3/20/26,165.0,CALL,410171918,"-2,460.12",USD
2025-09-30T16:43:43+0300,Trade,Sell to Close,SELL_TO_CLOSE,CRWV  260320C00160000,Equity Option,Sold 1 CRWV 03/20/26 Call 160.00 @ 26.24,"2,624.00",1,"2,624.00",0.00,-0.12,100,CRWV,CRWV,3/20/26,160.0,CALL,410171918,"2,623.88",USD
2025-09-30T16:40:34+0300,Trade,Sell to Open,SELL_TO_OPEN,TSLL  260320C00025000,Equity Option,Sold 1 TSLL 03/20/26 Call 25.00 @ 4.90,490.00,1,490.00,-1.00,-0.12,100,TSLL,TSLL,3/20/26,25.0,CALL,410168892,488.88,USD
2025-09-30T16:40:34+0300,Trade,Buy to Open,BUY_TO_OPEN,TSLL  260320C00020000,Equity Option,Bought 1 TSLL 03/20/26 Call 20.00 @ 6.34,-634.00,1,-634.00,-1.00,-0.12,100,TSLL,TSLL,3/20/26,20.0,CALL,410168892,-635.12,USD
2025-09-29T19:45:44+0300,Trade,Sell to Open,SELL_TO_OPEN,CRWV  260320C00165000,Equity Option,Sold 1 CRWV 03/20/26 Call 165.00 @ 16.70,"1,670.00",1,"1,670.00",-1.00,-0.12,100,CRWV,CRWV,3/20/26,165.0,CALL,409987244,"1,668.88",USD
2025-09-29T19:45:44+0300,Trade,Buy to Open,BUY_TO_OPEN,CRWV  260320C00160000,Equity Option,Bought 1 CRWV 03/20/26 Call 160.00 @ 17.88,"-1,788.00",1,"-1,788.00",-1.00,-0.12,100,CRWV,CRWV,3/20/26,160.0,CALL,409987244,"-1,789.12",USD
2025-09-27T21:29:49+0300,Money Movement,Balance Adjustment,,,,Regulatory fee adjustment,-0.05,0,,--,0.00,,,,,,,,-0.05,USD
2025-09-25T19:25:59+0300,Trade,Sell to Open,SELL_TO_OPEN,MP    251219C00100000,Equity Option,Sold 1 MP 12/19/25 Call 100.00 @ 6.93,693.00,1,693.00,-1.00,-0.12,100,MP,MP,12/19/25,100.0,CALL,409405675,691.88,USD
2025-09-25T19:25:59+0300,Trade,Buy to Open,BUY_TO_OPEN,MP    251219C00095000,Equity Option,Bought 1 MP 12/19/25 Call 95.00 @ 8.02,-802.00,1,-802.00,-1.00,-0.12,100,MP,MP,12/19/25,95.0,CALL,409405675,-803.12,USD
2025-09-25T18:20:32+0300,Trade,Sell to Open,SELL_TO_OPEN,EOSE  270115C00015000,Equity Option,Sold 1 EOSE 01/15/27 Call 15.00 @ 3.20,320.00,1,320.00,-1.00,-0.12,100,EOSE,EOSE,1/15/27,15.0,CALL,409367150,318.88,USD
2025-09-25T18:20:32+0300,Trade,Buy to Open,BUY_TO_OPEN,EOSE  270115C00010000,Equity Option,Bought 1 EOSE 01/15/27 Call 10.00 @ 4.38,-438.00,1,-438.00,-1.00,-0.12,100,EOSE,EOSE,1/15/27,10.0,CALL,409367150,-439.12,USD
2025-09-25T18:04:33+0300,Trade,Sell to Open,SELL_TO_OPEN,ETHA  260220C00035000,Equity Option,Sold 1 ETHA 02/20/26 Call 35.00 @ 4.08,408.00,1,408.00,-1.00,-0.12,100,ETHA,ETHA,2/20/26,35.0,CALL,409375616,406.88,USD
2025-09-25T18:04:33+0300,Trade,Buy to Open,BUY_TO_OPEN,ETHA  260220C00030000,Equity Option,Bought 1 ETHA 02/20/26 Call 30.00 @ 5.87,-587.00,1,-587.00,-1.00,-0.12,100,ETHA,ETHA,2/20/26,30.0,CALL,409375616,-588.12,USD
2025-09-25T17:08:38+0300,Trade,Sell to Open,SELL_TO_OPEN,RKLB  270115C00050000,Equity Option,Sold 1 RKLB 01/15/27 Call 50.00 @ 17.73,"1,773.00",1,"1,773.00",-1.00,-0.12,100,RKLB,RKLB,1/15/27,50.0,CALL,409329517,"1,771.88",USD
2025-09-25T17:08:38+0300,Trade,Buy to Open,BUY_TO_OPEN,RKLB  270115C00045000,Equity Option,Bought 1 RKLB 01/15/27 Call 45.00 @ 19.40,"-1,940.00",1,"-1,940.00",-1.00,-0.12,100,RKLB,RKLB,1/15/27,45.0,CALL,409329517,"-1,941.12",USD
2025-09-24T22:23:38+0300,Trade,Buy to Close,BUY_TO_CLOSE,TSLL  260320C00016000,Equity Option,Bought 1 TSLL 03/20/26 Call 16.00 @ 8.50,-850.00,1,-850.00,0.00,-0.12,100,TSLL,TSLL,3/20/26,16.0,CALL,409114389,-850.12,USD
2025-09-24T22:23:38+0300,Trade,Sell to Close,SELL_TO_CLOSE,TSLL  260320C00010000,Equity Option,Sold 1 TSLL 03/20/26 Call 10.00 @ 12.04,"1,204.00",1,"1,204.00",0.00,-0.12,100,TSLL,TSLL,3/20/26,10.0,CALL,409114389,"1,203.88",USD
2025-09-22T16:30:23+0300,Trade,Sell to Open,SELL_TO_OPEN,IBIT  251017C00068000,Equity Option,Sold 1 IBIT 10/17/25 Call 68.00 @ 0.95,95.00,1,95.00,-1.00,-0.12,100,IBIT,IBIT,10/17/25,68.0,CALL,408082047,93.88,USD
2025-09-22T16:30:23+0300,Trade,Buy to Open,BUY_TO_OPEN,IBIT  251017C00065000,Equity Option,Bought 1 IBIT 10/17/25 Call 65.00 @ 2.08,-208.00,1,-208.00,-1.00,-0.12,100,IBIT,IBIT,10/17/25,65.0,CALL,408082047,-209.12,USD
2025-09-22T16:30:04+0300,Trade,Sell to Open,SELL_TO_OPEN,ETHA  251121C00038000,Equity Option,Sold 1 ETHA 11/21/25 Call 38.00 @ 1.65,165.00,1,165.00,-1.00,-0.12,100,ETHA,ETHA,11/21/25,38.0,CALL,408397113,163.88,USD
2025-09-22T16:30:04+0300,Trade,Buy to Open,BUY_TO_OPEN,ETHA  251121C00033000,Equity Option,Bought 1 ETHA 11/21/25 Call 33.00 @ 3.43,-343.00,1,-343.00,-1.00,-0.12,100,ETHA,ETHA,11/21/25,33.0,CALL,408397113,-344.12,USD
2025-09-20T23:10:26+0300,Money Movement,Balance Adjustment,,,,Regulatory fee adjustment,-0.02,0,,--,0.00,,,,,,,,-0.02,USD
2025-09-19T23:15:00+0300,Receive Deliver,Expiration,SELL_TO_CLOSE,SPY   250919P00625000,Equity Option,Removal of 1.0 SPY 09/19/25 Put 625.00 due to expiration.,0.00,1,0.00,--,0.00,100,SPY,SPY,9/19/25,625.0,PUT,,0.00,USD
2025-09-19T23:15:00+0300,Receive Deliver,Expiration,BUY_TO_CLOSE,SPY   250919P00620000,Equity Option,Removal of 1.0 SPY 09/19/25 Put 620.00 due to expiration.,0.00,1,0.00,--,0.00,100,SPY,SPY,9/19/25,620.0,PUT,,0.00,USD
2025-09-19T23:00:00+0300,Receive Deliver,Expiration,SELL_TO_CLOSE,AVGO  250919P00250000,Equity Option,Removal of 1.0 AVGO 09/19/25 Put 250.00 due to expiration.,0.00,1,0.00,--,0.00,100,AVGO,AVGO,9/19/25,250.0,PUT,,0.00,USD
2025-09-19T23:00:00+0300,Receive Deliver,Expiration,BUY_TO_CLOSE,AVGO  250919P00240000,Equity Option,Removal of 1.0 AVGO 09/19/25 Put 240.00 due to expiration.,0.00,1,0.00,--,0.00,100,AVGO,AVGO,9/19/25,240.0,PUT,,0.00,USD
2025-09-19T19:15:37+0300,Trade,Buy to Close,BUY_TO_CLOSE,EOSE  270115C00010000,Equity Option,Bought 1 EOSE 01/15/27 Call 10.00 @ 4.05,-405.00,1,-405.00,0.00,-0.12,100,EOSE,EOSE,1/15/27,10.0,CALL,408139110,-405.12,USD
2025-09-19T19:15:37+0300,Trade,Sell to Close,SELL_TO_CLOSE,EOSE  270115C00003000,Equity Option,Sold 1 EOSE 01/15/27 Call 3.00 @ 7.43,743.00,1,743.00,0.00,-0.12,100,EOSE,EOSE,1/15/27,3.0,CALL,408139110,742.88,USD
2025-09-18T19:47:16+0300,Trade,Buy to Close,BUY_TO_CLOSE,BMNR  270115C00040000,Equity Option,Bought 1 BMNR 01/15/27 Call 40.00 @ 39.32,"-3,932.00",1,"-3,932.00",0.00,-0.12,100,BMNR,BMNR,1/15/27,40.0,CALL,407945733,"-3,932.12",USD
2025-09-18T19:47:16+0300,Trade,Sell to Close,SELL_TO_CLOSE,BMNR  270115C00030000,Equity Option,Sold 1 BMNR 01/15/27 Call 30.00 @ 42.98,"4,298.00",1,"4,298.00",0.00,-0.12,100,BMNR,BMNR,1/15/27,30.0,CALL,407945733,"4,297.88",USD
2025-09-17T00:00:00+0300,Money Movement,Credit Interest,,,,INTEREST ON CREDIT BALANCE,0.01,0,,--,0.00,,,,,,,,0.01,USD
2025-09-16T18:52:39+0300,Trade,Sell to Open,SELL_TO_OPEN,ASTS  270115C00045000,Equity Option,Sold 1 ASTS 01/15/27 Call 45.00 @ 14.38,"1,438.00",1,"1,438.00",-1.00,-0.12,100,ASTS,ASTS,1/15/27,45.0,CALL,407385348,"1,436.88",USD
2025-09-16T18:52:39+0300,Trade,Buy to Open,BUY_TO_OPEN,ASTS  270115C00040000,Equity Option,Bought 1 ASTS 01/15/27 Call 40.00 @ 15.78,"-1,578.00",1,"-1,578.00",-1.00,-0.12,100,ASTS,ASTS,1/15/27,40.0,CALL,407385348,"-1,579.12",USD
2025-08-30T22:07:20+0300,Money Movement,Balance Adjustment,,,,Regulatory fee adjustment,-0.01,0,,--,0.00,,,,,,,,-0.01,USD
2025-08-27T16:32:52+0300,Trade,Sell to Close,SELL_TO_CLOSE,VKTX  250919C00025000,Equity Option,Sold 1 VKTX 09/19/25 Call 25.00 @ 2.69,269.00,1,269.00,0.00,-0.12,100,VKTX,VKTX,9/19/25,25.0,CALL,403595156,268.88,USD
2025-08-27T16:32:52+0300,Trade,Buy to Close,BUY_TO_CLOSE,VKTX  250919C00035000,Equity Option,Bought 1 VKTX 09/19/25 Call 35.00 @ 0.21,-21.00,1,-21.00,0.00,-0.12,100,VKTX,VKTX,9/19/25,35.0,CALL,403595156,-21.12,USD
2025-08-23T21:42:32+0300,Money Movement,Balance Adjustment,,,,Regulatory fee adjustment,-0.01,0,,--,0.00,,,,,,,,-0.01,USD
2025-08-20T16:30:00+0300,Receive Deliver,Expiration,SELL_TO_CLOSE,VIX   250820C00019000,Equity Option,Removal of 1.0 VIX 08/20/25 Call 19.00 due to expiration.,0.00,1,0.00,--,0.00,100,VIX,VIX,8/20/25,19.0,CALL,,0.00,USD
2025-08-20T16:30:00+0300,Receive Deliver,Expiration,BUY_TO_CLOSE,VIX   250820C00023000,Equity Option,Removal of 1.0 VIX 08/20/25 Call 23.00 due to expiration.,0.00,1,0.00,--,0.00,100,VIX,VIX,8/20/25,23.0,CALL,,0.00,USD
2025-08-19T21:19:41+0300,Trade,Sell to Open,SELL_TO_OPEN,VKTX  250919C00035000,Equity Option,Sold 1 VKTX 09/19/25 Call 35.00 @ 0.64,64.00,1,64.00,-1.00,-0.12,100,VKTX,VKTX,9/19/25,35.0,CALL,402208560,62.88,USD
2025-08-19T21:19:41+0300,Trade,Buy to Open,BUY_TO_OPEN,VKTX  250919C00025000,Equity Option,Bought 1 VKTX 09/19/25 Call 25.00 @ 2.48,-248.00,1,-248.00,-1.00,-0.12,100,VKTX,VKTX,9/19/25,25.0,CALL,402208560,-249.12,USD
2025-08-19T00:00:00+0300,Money Movement,Credit Interest,,,,INTEREST ON CREDIT BALANCE,0.01,0,,--,0.00,,,,,,,,0.01,USD
2025-08-09T23:26:53+0300,Money Movement,Balance Adjustment,,,,Regulatory fee adjustment,-0.01,0,,--,0.00,,,,,,,,-0.01,USD
2025-08-08T16:38:53+0300,Trade,Sell to Open,SELL_TO_OPEN,TSLL  260320C00016000,Equity Option,Sold 1 TSLL 03/20/26 Call 16.00 @ 2.70,270.00,1,270.00,-1.00,-0.12,100,TSLL,TSLL,3/20/26,16.0,CALL,400083525,268.88,USD
2025-08-08T16:38:53+0300,Trade,Buy to Open,BUY_TO_OPEN,TSLL  260320C00010000,Equity Option,Bought 1 TSLL 03/20/26 Call 10.00 @ 4.56,-456.00,1,-456.00,-1.00,-0.12,100,TSLL,TSLL,3/20/26,10.0,CALL,400083525,-457.12,USD
2025-08-06T17:34:22+0300,Trade,Buy to Close,BUY_TO_CLOSE,PLTR  251219C00140000,Equity Option,Bought 1 PLTR 12/19/25 Call 140.00 @ 47.56,"-4,756.00",1,"-4,756.00",0.00,-0.12,100,PLTR,PLTR,12/19/25,140.0,CALL,399522734,"-4,756.12",USD
2025-08-06T17:34:22+0300,Trade,Sell to Close,SELL_TO_CLOSE,PLTR  251219C00135000,Equity Option,Sold 1 PLTR 12/19/25 Call 135.00 @ 51.30,"5,130.00",1,"5,130.00",0.00,-0.12,100,PLTR,PLTR,12/19/25,135.0,CALL,399522734,"5,129.88",USD
2025-08-03T00:30:31+0300,Money Movement,Balance Adjustment,,,,Regulatory fee adjustment,-0.01,0,,--,0.00,,,,,,,,-0.01,USD
2025-08-02T00:00:00+0300,Money Movement,Deposit,,,,Wire Funds Received,450.00,0,,--,0.00,,,,,,,,450.00,USD
2025-07-30T18:35:53+0300,Trade,Sell to Close,SELL_TO_CLOSE,TSLL,Equity,Sold 5 TSLL @ 11.40,56.97,5,11.39,0.00,0.00,,,,,,,398099509,56.97,USD
2025-07-29T17:32:01+0300,Trade,Sell to Open,SELL_TO_OPEN,BMNR  270115C00040000,Equity Option,Sold 1 BMNR 01/15/27 Call 40.00 @ 17.20,"1,720.00",1,"1,720.00",-1.00,-0.13,100,BMNR,BMNR,1/15/27,40.0,CALL,397804686,"1,718.87",USD
2025-07-29T17:32:01+0300,Trade,Buy to Open,BUY_TO_OPEN,BMNR  270115C00030000,Equity Option,Bought 1 BMNR 01/15/27 Call 30.00 @ 18.68,"-1,868.00",1,"-1,868.00",-1.00,-0.13,100,BMNR,BMNR,1/15/27,30.0,CALL,397804686,"-1,869.13",USD
2025-07-27T00:03:34+0300,Money Movement,Balance Adjustment,,,,Regulatory fee adjustment,-0.02,0,,--,0.00,,,,,,,,-0.02,USD
2025-07-24T16:45:01+0300,Trade,Buy to Open,BUY_TO_OPEN,TSLL,Equity,Bought 5 TSLL @ 10.50,-52.50,5,-10.50,0.00,0.00,,,,,,,396929930,-52.50,USD
2025-07-23T16:36:32+0300,Trade,Buy to Open,BUY_TO_OPEN,SPY   260116P00635000,Equity Option,Bought 1 SPY 01/16/26 Put 635.00 @ 24.73,"-2,473.00",1,"-2,473.00",-1.00,-0.13,100,SPY,SPY,1/16/26,635.0,PUT,396632370,"-2,474.13",USD
2025-07-23T16:36:32+0300,Trade,Sell to Open,SELL_TO_OPEN,SPY   260116P00630000,Equity Option,Sold 1 SPY 01/16/26 Put 630.00 @ 23.02,"2,302.00",1,"2,302.00",-1.00,-0.13,100,SPY,SPY,1/16/26,630.0,PUT,396632370,"2,300.87",USD
2025-07-22T18:41:54+0300,Trade,Buy to Close,BUY_TO_CLOSE,TSLL  250815C00018000,Equity Option,Bought 1 TSLL 08/15/25 Call 18.00 @ 0.30,-30.00,1,-30.00,0.00,-0.13,100,TSLL,TSLL,8/15/25,18.0,CALL,396478604,-30.13,USD
2025-07-22T18:41:54+0300,Trade,Sell to Close,SELL_TO_CLOSE,TSLL  250815C00011000,Equity Option,Sold 1 TSLL 08/15/25 Call 11.00 @ 2.27,227.00,1,227.00,0.00,-0.13,100,TSLL,TSLL,8/15/25,11.0,CALL,396478604,226.87,USD
2025-07-22T17:14:31+0300,Trade,Buy to Close,BUY_TO_CLOSE,GOOGL 260116C00165000,Equity Option,Bought 1 GOOGL 01/16/26 Call 165.00 @ 33.17,"-3,317.00",1,"-3,317.00",0.00,-0.13,100,GOOGL,GOOGL,1/16/26,165.0,CALL,396428126,"-3,317.13",USD
2025-07-22T17:14:31+0300,Trade,Sell to Close,SELL_TO_CLOSE,GOOGL 260116C00160000,Equity Option,Sold 1 GOOGL 01/16/26 Call 160.00 @ 36.97,"3,697.00",1,"3,697.00",0.00,-0.13,100,GOOGL,GOOGL,1/16/26,160.0,CALL,396428126,"3,696.87",USD
2025-07-19T22:45:58+0300,Money Movement,Balance Adjustment,,,,Regulatory fee adjustment,-0.02,0,,--,0.00,,,,,,,,-0.02,USD
2025-07-18T23:15:00+0300,Receive Deliver,Expiration,SELL_TO_CLOSE,SPY   250718P00585000,Equity Option,Removal of 1.0 SPY 07/18/25 Put 585.00 due to expiration.,0.00,1,0.00,--,0.00,100,SPY,SPY,7/18/25,585.0,PUT,,0.00,USD
2025-07-18T23:15:00+0300,Receive Deliver,Expiration,BUY_TO_CLOSE,SPY   250718P00555000,Equity Option,Removal of 1.0 SPY 07/18/25 Put 555.00 due to expiration.,0.00,1,0.00,--,0.00,100,SPY,SPY,7/18/25,555.0,PUT,,0.00,USD
2025-07-17T00:00:00+0300,Money Movement,Debit Interest,,,,FROM 06/16 THRU 07/15 @11    %,-0.69,0,,--,0.00,,,,,,,,-0.69,USD
2025-07-16T21:53:51+0300,Trade,Sell to Close,SELL_TO_CLOSE,PDBC,Equity,Sold 1 PDBC @ 13.31,13.31,1,13.31,0.00,0.00,,,,,,,395388454,13.31,USD
2025-07-14T17:05:53+0300,Trade,Sell to Close,SELL_TO_CLOSE,PDBC,Equity,Sold 1 PDBC @ 13.40,13.40,1,13.40,0.00,0.00,,,,,,,394663046,13.40,USD
2025-07-12T22:35:43+0300,Money Movement,Balance Adjustment,,,,Regulatory fee adjustment,-0.09,0,,--,0.00,,,,,,,,-0.09,USD
2025-07-11T19:14:40+0300,Trade,Sell to Close,SELL_TO_CLOSE,SLB   251121C00040000,Equity Option,Sold 1 SLB 11/21/25 Call 40.00 @ 2.01,201.00,1,201.00,0.00,-0.13,100,SLB,SLB,11/21/25,40.0,CALL,394474423,200.87,USD
2025-07-11T19:14:40+0300,Trade,Buy to Close,BUY_TO_CLOSE,SLB   251121C00050000,Equity Option,Bought 1 SLB 11/21/25 Call 50.00 @ 0.33,-33.00,1,-33.00,0.00,-0.13,100,SLB,SLB,11/21/25,50.0,CALL,394474423,-33.13,USD
2025-07-11T16:55:28+0300,Trade,Sell to Close,SELL_TO_CLOSE,FETH,Equity,Sold 1 FETH @ 29.97,29.97,1,29.97,0.00,0.00,,,,,,,394376708,29.97,USD
2025-07-11T16:53:12+0300,Trade,Sell to Close,SELL_TO_CLOSE,IBIT,Equity,Sold 1 IBIT @ 66.96,66.96,1,66.96,0.00,0.00,,,,,,,394374083,66.96,USD
2025-07-11T16:52:19+0300,Trade,Sell to Close,SELL_TO_CLOSE,IBIT,Equity,Sold 1 IBIT @ 66.98,66.97,1,66.97,0.00,0.00,,,,,,,394373045,66.97,USD
2025-07-11T16:43:06+0300,Trade,Sell to Close,SELL_TO_CLOSE,PDBC,Equity,Sold 1 PDBC @ 13.33,13.33,1,13.33,0.00,0.00,,,,,,,394358568,13.33,USD
2025-07-11T16:37:56+0300,Trade,Sell to Close,SELL_TO_CLOSE,SGOV,Equity,Sold 5 SGOV @ 100.50,502.52,5,100.50,0.00,0.00,,,,,,,394353911,502.52,USD
2025-07-10T17:02:55+0300,Trade,Sell to Open,SELL_TO_OPEN,BTBT  270115C00010000,Equity Option,Sold 1 BTBT 01/15/27 Call 10.00 @ 1.07,107.00,1,107.00,-1.00,-0.13,100,BTBT,BTBT,1/15/27,10.0,CALL,394104122,105.87,USD
2025-07-10T17:02:55+0300,Trade,Buy to Open,BUY_TO_OPEN,BTBT  270115C00003000,Equity Option,Bought 1 BTBT 01/15/27 Call 3.00 @ 2.00,-200.00,1,-200.00,-1.00,-0.13,100,BTBT,BTBT,1/15/27,3.0,CALL,394104122,-201.13,USD
2025-07-10T17:02:22+0300,Trade,Sell to Close,SELL_TO_CLOSE,TGT   250919C00125000,Equity Option,Sold 1 TGT 09/19/25 Call 125.00 @ 1.48,148.00,1,148.00,0.00,-0.13,100,TGT,TGT,9/19/25,125.0,CALL,394056030,147.87,USD
2025-07-10T17:02:22+0300,Trade,Buy to Close,BUY_TO_CLOSE,TGT   250919C00135000,Equity Option,Bought 1 TGT 09/19/25 Call 135.00 @ 0.70,-70.00,1,-70.00,0.00,-0.13,100,TGT,TGT,9/19/25,135.0,CALL,394056030,-70.13,USD
2025-07-10T16:30:15+0300,Trade,Sell to Open,SELL_TO_OPEN,SLB   251121C00050000,Equity Option,Sold 1 SLB 11/21/25 Call 50.00 @ 0.20,20.00,1,20.00,-1.00,-0.13,100,SLB,SLB,11/21/25,50.0,CALL,394056020,18.87,USD
2025-07-10T16:30:15+0300,Trade,Buy to Open,BUY_TO_OPEN,SLB   251121C00040000,Equity Option,Bought 1 SLB 11/21/25 Call 40.00 @ 1.52,-152.00,1,-152.00,-1.00,-0.13,100,SLB,SLB,11/21/25,40.0,CALL,394056020,-153.13,USD
2025-07-09T22:52:26+0300,Trade,Sell to Close,SELL_TO_CLOSE,IBIT  250718C00060000,Equity Option,Sold 1 IBIT 07/18/25 Call 60.00 @ 3.94,394.00,1,394.00,0.00,-0.13,100,IBIT,IBIT,7/18/25,60.0,CALL,393736532,393.87,USD
2025-07-09T22:52:26+0300,Trade,Buy to Close,BUY_TO_CLOSE,IBIT  250718C00065000,Equity Option,Bought 1 IBIT 07/18/25 Call 65.00 @ 0.96,-96.00,1,-96.00,0.00,-0.13,100,IBIT,IBIT,7/18/25,65.0,CALL,393736532,-96.13,USD
2025-07-09T22:51:47+0300,Trade,Sell to Open,SELL_TO_OPEN,SPY   250919P00620000,Equity Option,Sold 1 SPY 09/19/25 Put 620.00 @ 12.77,"1,277.00",1,"1,277.00",-1.00,-0.13,100,SPY,SPY,9/19/25,620.0,PUT,394032945,"1,275.87",USD
2025-07-09T22:51:47+0300,Trade,Buy to Open,BUY_TO_OPEN,SPY   250919P00625000,Equity Option,Bought 1 SPY 09/19/25 Put 625.00 @ 14.50,"-1,450.00",1,"-1,450.00",-1.00,-0.13,100,SPY,SPY,9/19/25,625.0,PUT,394032945,"-1,451.13",USD
2025-07-09T22:51:34+0300,Trade,Sell to Open,SELL_TO_OPEN,AVGO  250919P00240000,Equity Option,Sold 1 AVGO 09/19/25 Put 240.00 @ 6.80,680.00,1,680.00,-1.00,-0.13,100,AVGO,AVGO,9/19/25,240.0,PUT,394032687,678.87,USD
2025-07-09T22:51:34+0300,Trade,Buy to Open,BUY_TO_OPEN,AVGO  250919P00250000,Equity Option,Bought 1 AVGO 09/19/25 Put 250.00 @ 9.25,-925.00,1,-925.00,-1.00,-0.13,100,AVGO,AVGO,9/19/25,250.0,PUT,394032687,-926.13,USD
2025-07-08T00:00:00+0300,Money Movement,Dividend,,SGOV,Equity,ISHARES TRUST,-0.17,0,,--,0.00,,,,,,,,-0.17,USD
2025-07-08T00:00:00+0300,Money Movement,Dividend,,SGOV,Equity,ISHARES TRUST,1.74,0,,--,0.00,,,,,,,,1.74,USD
2025-07-08T00:00:00+0300,Money Movement,Dividend,,BOTZ,Equity,GLOBAL X FUNDS,0.24,0,,--,0.00,,,,,,,,0.24,USD
2025-07-08T00:00:00+0300,Money Movement,Dividend,,BOTZ,Equity,GLOBAL X FUNDS,-0.02,0,,--,0.00,,,,,,,,-0.02,USD
2025-07-07T17:18:31+0300,Trade,Buy to Close,BUY_TO_CLOSE,EOSE  260116C00007500,Equity Option,Bought 1 EOSE 01/16/26 Call 7.50 @ 0.97,-97.00,1,-97.00,0.00,-0.13,100,EOSE,EOSE,1/16/26,7.5,CALL,393361945,-97.13,USD
2025-07-07T17:18:31+0300,Trade,Sell to Close,SELL_TO_CLOSE,EOSE  260116C00004500,Equity Option,Sold 1 EOSE 01/16/26 Call 4.50 @ 1.89,189.00,1,189.00,0.00,-0.13,100,EOSE,EOSE,1/16/26,4.5,CALL,393361945,188.87,USD
2025-07-07T16:30:01+0300,Trade,Buy to Open,BUY_TO_OPEN,TSLL  250815C00011000,Equity Option,Bought 1 TSLL 08/15/25 Call 11.00 @ 1.00,-100.00,1,-100.00,-1.00,-0.13,100,TSLL,TSLL,8/15/25,11.0,CALL,393307094,-101.13,USD
2025-07-07T16:30:01+0300,Trade,Sell to Close,SELL_TO_CLOSE,TSLL  250815C00013000,Equity Option,Sold 1 TSLL 08/15/25 Call 13.00 @ 0.52,52.00,1,52.00,0.00,-0.13,100,TSLL,TSLL,8/15/25,13.0,CALL,393307094,51.87,USD
2025-07-04T22:11:13+0300,Money Movement,Balance Adjustment,,,,Regulatory fee adjustment,-0.02,0,,--,0.00,,,,,,,,-0.02,USD
2025-07-03T17:47:18+0300,Trade,Sell to Open,SELL_TO_OPEN,SPY   260918P00600000,Equity Option,Sold 1 SPY 09/18/26 Put 600.00 @ 29.86,"2,986.00",1,"2,986.00",-1.00,-0.13,100,SPY,SPY,9/18/26,600.0,PUT,393169643,"2,984.87",USD
2025-07-03T17:47:18+0300,Trade,Buy to Open,BUY_TO_OPEN,SPY   260918P00610000,Equity Option,Bought 1 SPY 09/18/26 Put 610.00 @ 32.61,"-3,261.00",1,"-3,261.00",-1.00,-0.13,100,SPY,SPY,9/18/26,610.0,PUT,393169643,"-3,262.13",USD
2025-07-01T19:52:11+0300,Trade,Sell to Close,SELL_TO_CLOSE,SPY   250718P00570000,Equity Option,Sold 1 SPY 07/18/25 Put 570.00 @ 0.49,49.00,1,49.00,0.00,-0.13,100,SPY,SPY,7/18/25,570.0,PUT,392698290,48.87,USD
2025-07-01T19:52:11+0300,Trade,Buy to Open,BUY_TO_OPEN,SPY   250718P00585000,Equity Option,Bought 1 SPY 07/18/25 Put 585.00 @ 0.97,-97.00,1,-97.00,-1.00,-0.13,100,SPY,SPY,7/18/25,585.0,PUT,392698290,-98.13,USD
2025-07-01T17:21:50+0300,Trade,Buy to Close,BUY_TO_CLOSE,XHB   250718C00100000,Equity Option,Bought 1 XHB 07/18/25 Call 100.00 @ 2.69,-269.00,1,-269.00,0.00,-0.13,100,XHB,XHB,7/18/25,100.0,CALL,392542492,-269.13,USD
2025-07-01T17:21:50+0300,Trade,Sell to Close,SELL_TO_CLOSE,XHB   250718C00097000,Equity Option,Sold 1 XHB 07/18/25 Call 97.00 @ 4.67,467.00,1,467.00,0.00,-0.13,100,XHB,XHB,7/18/25,97.0,CALL,392542492,466.87,USD
2025-06-28T22:40:56+0300,Money Movement,Balance Adjustment,,,,Regulatory fee adjustment,-0.11,0,,--,0.00,,,,,,,,-0.11,USD
2025-06-26T22:59:23+0300,Trade,Sell to Open,SELL_TO_OPEN,TSLL  250815C00018000,Equity Option,Sold 1 TSLL 08/15/25 Call 18.00 @ 0.85,85.00,1,85.00,-1.00,-0.13,100,TSLL,TSLL,8/15/25,18.0,CALL,391939057,83.87,USD
2025-06-26T22:59:23+0300,Trade,Buy to Open,BUY_TO_OPEN,TSLL  250815C00013000,Equity Option,Bought 1 TSLL 08/15/25 Call 13.00 @ 2.03,-203.00,1,-203.00,-1.00,-0.13,100,TSLL,TSLL,8/15/25,13.0,CALL,391939057,-204.13,USD
2025-06-26T19:56:37+0300,Trade,Buy to Close,BUY_TO_CLOSE,AA    251017C00035000,Equity Option,Bought 1 AA 10/17/25 Call 35.00 @ 1.51,-151.00,1,-151.00,0.00,-0.13,100,AA,AA,10/17/25,35.0,CALL,391775727,-151.13,USD
2025-06-26T19:56:37+0300,Trade,Sell to Close,SELL_TO_CLOSE,AA    251017C00030000,Equity Option,Sold 1 AA 10/17/25 Call 30.00 @ 3.43,343.00,1,343.00,0.00,-0.13,100,AA,AA,10/17/25,30.0,CALL,391775727,342.87,USD
2025-06-24T17:57:19+0300,Trade,Sell to Close,SELL_TO_CLOSE,PLTR  250718P00075000,Equity Option,Sold 1 PLTR 07/18/25 Put 75.00 @ 0.05,5.00,1,5.00,0.00,-0.13,100,PLTR,PLTR,7/18/25,75.0,PUT,391289954,4.87,USD
2025-06-24T17:32:19+0300,Trade,Sell to Close,SELL_TO_CLOSE,JPST,Equity,Sold 5 JPST @ 50.61,253.05,5,50.61,0.00,0.00,,,,,,,391271449,253.05,USD
2025-06-24T16:43:26+0300,Trade,Buy to Close,BUY_TO_CLOSE,GOOGL 250718C00175000,Equity Option,Bought 1 GOOGL 07/18/25 Call 175.00 @ 1.60,-160.00,1,-160.00,0.00,-0.13,100,GOOGL,GOOGL,7/18/25,175.0,CALL,391218790,-160.13,USD
2025-06-24T16:43:26+0300,Trade,Sell to Close,SELL_TO_CLOSE,GOOGL 250718C00170000,Equity Option,Sold 1 GOOGL 07/18/25 Call 170.00 @ 3.15,315.00,1,315.00,0.00,-0.13,100,GOOGL,GOOGL,7/18/25,170.0,CALL,391218790,314.87,USD
2025-06-24T16:31:53+0300,Trade,Buy to Close,BUY_TO_CLOSE,IWM,Equity,Bought 1 IWM @ 213.13,-213.13,1,-213.13,0.00,0.00,,,,,,,391199195,-213.13,USD
2025-06-24T16:31:32+0300,Trade,Buy to Close,BUY_TO_CLOSE,IWM,Equity,Bought 1 IWM @ 213.18,-213.18,1,-213.18,0.00,0.00,,,,,,,391198149,-213.18,USD
2025-06-24T16:30:53+0300,Trade,Buy to Close,BUY_TO_CLOSE,IWM,Equity,Bought 1 IWM @ 213.22,-213.22,1,-213.22,0.00,0.00,,,,,,,391197219,-213.22,USD
2025-06-24T16:30:00+0300,Trade,Buy to Close,BUY_TO_CLOSE,IWM,Equity,Bought 1 IWM @ 213.28,-213.28,1,-213.28,0.00,0.00,,,,,,,391195659,-213.28,USD
2025-06-23T22:11:29+0300,Trade,Sell to Open,SELL_TO_OPEN,IWM,Equity,Sold 1 IWM @ 210.87,210.87,1,210.87,0.00,0.00,,,,,,,391127786,210.87,USD
2025-06-23T19:46:02+0300,Trade,Sell to Open,SELL_TO_OPEN,IWM,Equity,Sold 3 IWM @ 208.32,624.97,3,208.33,0.00,0.00,,,,,,,391052108,624.97,USD
2025-06-23T19:45:34+0300,Trade,Sell to Close,SELL_TO_CLOSE,IWM,Equity,Sold 2 IWM @ 208.35,416.70,2,208.35,0.00,0.00,,,,,,,391051728,416.70,USD
2025-06-23T19:30:44+0300,Trade,Sell to Close,SELL_TO_CLOSE,SPXL,Equity,Sold 1 SPXL @ 155.26,155.26,1,155.26,0.00,0.00,,,,,,,391038849,155.26,USD
2025-06-23T19:27:20+0300,Trade,Sell to Close,SELL_TO_CLOSE,SOXL,Equity,Sold 5 SOXL @ 20.90,104.47,5,20.89,0.00,0.00,,,,,,,391036199,104.47,USD
2025-06-23T19:23:06+0300,Trade,Sell to Open,SELL_TO_OPEN,GOOGL 260116C00165000,Equity Option,Sold 1 GOOGL 01/16/26 Call 165.00 @ 17.04,"1,704.00",1,"1,704.00",-1.00,-0.13,100,GOOGL,GOOGL,1/16/26,165.0,CALL,391014145,"1,702.87",USD
2025-06-23T19:23:06+0300,Trade,Buy to Open,BUY_TO_OPEN,GOOGL 260116C00160000,Equity Option,Bought 1 GOOGL 01/16/26 Call 160.00 @ 19.73,"-1,973.00",1,"-1,973.00",-1.00,-0.13,100,GOOGL,GOOGL,1/16/26,160.0,CALL,391014145,"-1,974.13",USD
2025-06-23T19:03:39+0300,Trade,Sell to Open,SELL_TO_OPEN,PLTR  251219C00140000,Equity Option,Sold 1 PLTR 12/19/25 Call 140.00 @ 25.95,"2,595.00",1,"2,595.00",-1.00,-0.13,100,PLTR,PLTR,12/19/25,140.0,CALL,391023003,"2,593.87",USD
2025-06-23T19:03:39+0300,Trade,Buy to Open,BUY_TO_OPEN,PLTR  251219C00135000,Equity Option,Bought 1 PLTR 12/19/25 Call 135.00 @ 28.22,"-2,822.00",1,"-2,822.00",-1.00,-0.13,100,PLTR,PLTR,12/19/25,135.0,CALL,391023003,"-2,823.13",USD
2025-06-23T18:31:31+0300,Trade,Sell to Open,SELL_TO_OPEN,GOOGL 250718C00175000,Equity Option,Sold 1 GOOGL 07/18/25 Call 175.00 @ 1.55,155.00,1,155.00,-1.00,-0.13,100,GOOGL,GOOGL,7/18/25,175.0,CALL,391005785,153.87,USD
2025-06-23T18:31:31+0300,Trade,Buy to Open,BUY_TO_OPEN,GOOGL 250718C00170000,Equity Option,Bought 1 GOOGL 07/18/25 Call 170.00 @ 3.01,-301.00,1,-301.00,-1.00,-0.13,100,GOOGL,GOOGL,7/18/25,170.0,CALL,391005785,-302.13,USD
2025-06-23T18:20:00+0300,Trade,Sell to Close,SELL_TO_CLOSE,TSLL,Equity,Sold 3 TSLL @ 15.05,45.16,3,15.05,0.00,0.00,,,,,,,390998760,45.16,USD
2025-06-23T18:14:05+0300,Trade,Sell to Close,SELL_TO_CLOSE,SPXL,Equity,Sold 1 SPXL @ 157.90,157.90,1,157.90,0.00,0.00,,,,,,,390995594,157.90,USD
2025-06-23T18:08:52+0300,Trade,Sell to Close,SELL_TO_CLOSE,TSLL,Equity,Sold 2 TSLL @ 14.84,29.67,2,14.83,0.00,0.00,,,,,,,390992561,29.67,USD
2025-06-23T17:30:47+0300,Trade,Sell to Close,SELL_TO_CLOSE,IBIT  250718C00062000,Equity Option,Sold 1 IBIT 07/18/25 Call 62.00 @ 1.00,100.00,1,100.00,0.00,-0.13,100,IBIT,IBIT,7/18/25,62.0,CALL,390959305,99.87,USD
2025-06-23T17:30:47+0300,Trade,Buy to Open,BUY_TO_OPEN,IBIT  250718C00060000,Equity Option,Bought 1 IBIT 07/18/25 Call 60.00 @ 1.59,-159.00,1,-159.00,-1.00,-0.13,100,IBIT,IBIT,7/18/25,60.0,CALL,390959305,-160.13,USD
2025-06-21T21:30:32+0300,Money Movement,Balance Adjustment,,,,Regulatory fee adjustment,-0.02,0,,--,0.00,,,,,,,,-0.02,USD
2025-06-21T00:00:00+0300,Money Movement,Dividend,,IWM,Equity,ISHARES RUSSELL 2000 ETF,-0.12,0,,--,0.00,,,,,,,,-0.12,USD
2025-06-21T00:00:00+0300,Money Movement,Dividend,,IWM,Equity,ISHARES RUSSELL 2000 ETF,1.15,0,,--,0.00,,,,,,,,1.15,USD
2025-06-20T23:15:00+0300,Receive Deliver,Expiration,BUY_TO_CLOSE,SPY   250620P00535000,Equity Option,Removal of 1.0 SPY 06/20/25 Put 535.00 due to expiration.,0.00,1,0.00,--,0.00,100,SPY,SPY,6/20/25,535.0,PUT,,0.00,USD
2025-06-20T23:15:00+0300,Receive Deliver,Expiration,SELL_TO_CLOSE,SPY   250620P00540000,Equity Option,Removal of 1.0 SPY 06/20/25 Put 540.00 due to expiration.,0.00,1,0.00,--,0.00,100,SPY,SPY,6/20/25,540.0,PUT,,0.00,USD
2025-06-20T23:15:00+0300,Receive Deliver,Expiration,SELL_TO_CLOSE,QQQ   250620P00455000,Equity Option,Removal of 1.0 QQQ 06/20/25 Put 455.00 due to expiration.,0.00,1,0.00,--,0.00,100,QQQ,QQQ,6/20/25,455.0,PUT,,0.00,USD
2025-06-20T23:15:00+0300,Receive Deliver,Expiration,BUY_TO_CLOSE,QQQ   250620P00450000,Equity Option,Removal of 1.0 QQQ 06/20/25 Put 450.00 due to expiration.,0.00,1,0.00,--,0.00,100,QQQ,QQQ,6/20/25,450.0,PUT,,0.00,USD
2025-06-20T23:00:00+0300,Receive Deliver,Expiration,BUY_TO_CLOSE,AES   250620C00015000,Equity Option,Removal of 1.0 AES 06/20/25 Call 15.00 due to expiration.,0.00,1,0.00,--,0.00,100,AES,AES,6/20/25,15.0,CALL,,0.00,USD
2025-06-20T23:00:00+0300,Receive Deliver,Expiration,SELL_TO_CLOSE,AES   250620C00013000,Equity Option,Removal of 1.0 AES 06/20/25 Call 13.00 due to expiration.,0.00,1,0.00,--,0.00,100,AES,AES,6/20/25,13.0,CALL,,0.00,USD
2025-06-18T19:17:51+0300,Trade,Sell to Open,SELL_TO_OPEN,RCAT  270115C00020000,Equity Option,Sold 1 RCAT 01/15/27 Call 20.00 @ 1.73,173.00,1,173.00,-1.00,-0.13,100,RCAT,RCAT,1/15/27,20.0,CALL,390288192,171.87,USD
2025-06-18T19:17:51+0300,Trade,Buy to Open,BUY_TO_OPEN,RCAT  270115C00007000,Equity Option,Bought 1 RCAT 01/15/27 Call 7.00 @ 3.51,-351.00,1,-351.00,-1.00,-0.13,100,RCAT,RCAT,1/15/27,7.0,CALL,390288192,-352.13,USD
2025-06-17T00:00:00+0300,Money Movement,Credit Interest,,,,INTEREST ON CREDIT BALANCE,0.01,0,,--,0.00,,,,,,,,0.01,USD
2025-06-17T00:00:00+0300,Money Movement,Debit Interest,,,,FROM 05/16 THRU 06/15 @11    %,-1.33,0,,--,0.00,,,,,,,,-1.33,USD
2025-06-16T22:38:00+0300,Trade,Sell to Close,SELL_TO_CLOSE,PDBC,Equity,Sold 2 PDBC @ 13.54,27.07,2,13.53,0.00,0.00,,,,,,,390016798,27.07,USD
2025-06-16T22:37:40+0300,Trade,Sell to Close,SELL_TO_CLOSE,BCI,Equity,Sold 1 BCI @ 21.45,21.45,1,21.45,0.00,0.00,,,,,,,390016629,21.45,USD
2025-06-14T22:57:19+0300,Money Movement,Balance Adjustment,,,,Regulatory fee adjustment,-0.13,0,,--,0.00,,,,,,,,-0.13,USD
2025-06-13T21:49:24+0300,Trade,Buy to Open,BUY_TO_OPEN,IBIT,Equity,Bought 1 IBIT @ 59.70,-59.70,1,-59.70,0.00,0.00,,,,,,,389716828,-59.70,USD
2025-06-13T20:42:06+0300,Trade,Sell to Open,SELL_TO_OPEN,ACHR  270115C00022000,Equity Option,Sold 1 ACHR 01/15/27 Call 22.00 @ 2.20,220.00,1,220.00,-1.00,-0.13,100,ACHR,ACHR,1/15/27,22.0,CALL,389679971,218.87,USD
2025-06-13T20:42:06+0300,Trade,Buy to Open,BUY_TO_OPEN,ACHR  270115C00010000,Equity Option,Bought 1 ACHR 01/15/27 Call 10.00 @ 4.35,-435.00,1,-435.00,-1.00,-0.13,100,ACHR,ACHR,1/15/27,10.0,CALL,389679971,-436.13,USD
2025-06-13T19:59:24+0300,Trade,Buy to Close,BUY_TO_CLOSE,SLB   250815C00040000,Equity Option,Bought 1 SLB 08/15/25 Call 40.00 @ 0.77,-77.00,1,-77.00,0.00,-0.13,100,SLB,SLB,8/15/25,40.0,CALL,389659870,-77.13,USD
2025-06-13T19:59:24+0300,Trade,Sell to Close,SELL_TO_CLOSE,SLB   250815C00035000,Equity Option,Sold 1 SLB 08/15/25 Call 35.00 @ 2.77,277.00,1,277.00,0.00,-0.13,100,SLB,SLB,8/15/25,35.0,CALL,389659870,276.87,USD
2025-06-13T18:49:18+0300,Trade,Sell to Close,SELL_TO_CLOSE,BCI,Equity,Sold 1 BCI @ 21.32,21.32,1,21.32,0.00,0.00,,,,,,,389624829,21.32,USD
2025-06-13T18:35:39+0300,Trade,Sell to Close,SELL_TO_CLOSE,PDBC,Equity,Sold 1 PDBC @ 13.46,13.46,1,13.46,0.00,0.00,,,,,,,389616551,13.46,USD
2025-06-13T18:08:03+0300,Trade,Sell to Close,SELL_TO_CLOSE,SPXL,Equity,Sold 1 SPXL @ 158.66,158.66,1,158.66,0.00,0.00,,,,,,,389598492,158.66,USD
2025-06-13T17:06:38+0300,Trade,Sell to Close,SELL_TO_CLOSE,IWM,Equity,Sold 1 IWM @ 210.11,210.11,1,210.11,0.00,0.00,,,,,,,389525893,210.11,USD
2025-06-13T16:48:46+0300,Trade,Sell to Close,SELL_TO_CLOSE,SOXL,Equity,Sold 1 SOXL @ 20.71,20.71,1,20.71,0.00,0.00,,,,,,,389526708,20.71,USD
2025-06-13T16:36:04+0300,Trade,Sell to Close,SELL_TO_CLOSE,VIX   250618C00019000,Equity Option,Sold 1 VIX 06/18/25 Call 19.00 @ 1.44,144.00,1,144.00,0.00,-0.78,100,VIX,VIX,6/18/25,19.0,CALL,389508980,143.22,USD
2025-06-13T16:36:04+0300,Trade,Buy to Close,BUY_TO_CLOSE,VIX   250618C00022000,Equity Option,Bought 1 VIX 06/18/25 Call 22.00 @ 0.66,-66.00,1,-66.00,0.00,-0.78,100,VIX,VIX,6/18/25,22.0,CALL,389508980,-66.78,USD
2025-06-13T16:30:00+0300,Trade,Sell to Close,SELL_TO_CLOSE,PDBC,Equity,Sold 1 PDBC @ 13.48,13.48,1,13.48,0.00,0.00,,,,,,,381266130,13.48,USD
2025-06-13T16:30:00+0300,Trade,Sell to Close,SELL_TO_CLOSE,PDBC,Equity,Sold 1 PDBC @ 13.48,13.48,1,13.48,0.00,0.00,,,,,,,381266126,13.48,USD
2025-06-13T16:30:00+0300,Trade,Sell to Close,SELL_TO_CLOSE,BCI,Equity,Sold 1 BCI @ 21.21,21.21,1,21.21,0.00,0.00,,,,,,,381266152,21.21,USD
2025-06-12T21:50:58+0300,Trade,Sell to Open,SELL_TO_OPEN,XHB   250718C00100000,Equity Option,Sold 1 XHB 07/18/25 Call 100.00 @ 1.97,197.00,1,197.00,-1.00,-0.13,100,XHB,XHB,7/18/25,100.0,CALL,389384653,195.87,USD
2025-06-12T21:50:58+0300,Trade,Buy to Open,BUY_TO_OPEN,XHB   250718C00097000,Equity Option,Bought 1 XHB 07/18/25 Call 97.00 @ 3.35,-335.00,1,-335.00,-1.00,-0.13,100,XHB,XHB,7/18/25,97.0,CALL,389384653,-336.13,USD
2025-06-12T21:27:45+0300,Trade,Buy to Open,BUY_TO_OPEN,SOXL,Equity,Bought 3 SOXL @ 21.55,-64.65,3,-21.55,0.00,0.00,,,,,,,389381554,-64.65,USD
2025-06-12T21:17:30+0300,Trade,Buy to Open,BUY_TO_OPEN,TSLL,Equity,Bought 1 TSLL @ 12.39,-12.39,1,-12.39,0.00,0.00,,,,,,,389380481,-12.39,USD
2025-06-12T21:17:30+0300,Trade,Buy to Open,BUY_TO_OPEN,TSLL,Equity,Bought 1 TSLL @ 12.40,-12.40,1,-12.40,0.00,0.00,,,,,,,389380364,-12.40,USD
2025-06-12T21:17:12+0300,Trade,Buy to Open,BUY_TO_OPEN,TSLL,Equity,Bought 1 TSLL @ 12.41,-12.41,1,-12.41,0.00,0.00,,,,,,,389383863,-12.41,USD
2025-06-12T21:17:10+0300,Trade,Buy to Open,BUY_TO_OPEN,TSLL,Equity,Bought 1 TSLL @ 12.42,-12.42,1,-12.42,0.00,0.00,,,,,,,389383779,-12.42,USD
2025-06-12T20:49:07+0300,Trade,Buy to Open,BUY_TO_OPEN,TSLL,Equity,Bought 1 TSLL @ 12.43,-12.43,1,-12.43,0.00,0.00,,,,,,,389380207,-12.43,USD
2025-06-12T16:30:05+0300,Trade,Sell to Open,SELL_TO_OPEN,SLB   250815C00040000,Equity Option,Sold 1 SLB 08/15/25 Call 40.00 @ 0.51,51.00,1,51.00,-1.00,-0.13,100,SLB,SLB,8/15/25,40.0,CALL,389222409,49.87,USD
2025-06-12T16:30:05+0300,Trade,Buy to Open,BUY_TO_OPEN,SLB   250815C00035000,Equity Option,Bought 1 SLB 08/15/25 Call 35.00 @ 2.28,-228.00,1,-228.00,-1.00,-0.13,100,SLB,SLB,8/15/25,35.0,CALL,389222409,-229.13,USD
2025-06-12T00:00:00+0300,Receive Deliver,Exercise,,UNFI  250620P00026000,Equity Option,Removal of option due to exercise,0.00,1,0.00,--,0.00,100,UNFI,UNFI,6/20/25,26.0,PUT,,0.00,USD
2025-06-12T00:00:00+0300,Receive Deliver,Sell to Close,SELL_TO_CLOSE,UNFI,Equity,Sell to Close 100 UNFI @ 26.00,"2,600.00",100,26.00,--,-5.02,,,,,,,,"2,594.98",USD
2025-06-11T22:33:09+0300,Trade,Sell to Open,SELL_TO_OPEN,IBIT  250718C00065000,Equity Option,Sold 1 IBIT 07/18/25 Call 65.00 @ 2.23,223.00,1,223.00,-1.00,-0.13,100,IBIT,IBIT,7/18/25,65.0,CALL,389173149,221.87,USD
2025-06-11T22:33:09+0300,Trade,Buy to Open,BUY_TO_OPEN,IBIT  250718C00062000,Equity Option,Bought 1 IBIT 07/18/25 Call 62.00 @ 3.42,-342.00,1,-342.00,-1.00,-0.13,100,IBIT,IBIT,7/18/25,62.0,CALL,389173149,-343.13,USD
2025-06-11T22:21:38+0300,Trade,Buy to Open,BUY_TO_OPEN,IWM,Equity,Bought 1 IWM @ 213.70,-213.70,1,-213.70,0.00,0.00,,,,,,,389169481,-213.70,USD
2025-06-11T19:51:39+0300,Trade,Sell to Open,SELL_TO_OPEN,VIX   250820C00023000,Equity Option,Sold 1 VIX 08/20/25 Call 23.00 @ 2.14,214.00,1,214.00,-1.00,-0.78,100,VIX,VIX,8/20/25,23.0,CALL,388902003,212.22,USD
2025-06-11T19:51:39+0300,Trade,Buy to Open,BUY_TO_OPEN,VIX   250820C00019000,Equity Option,Bought 1 VIX 08/20/25 Call 19.00 @ 3.24,-324.00,1,-324.00,-1.00,-0.78,100,VIX,VIX,8/20/25,19.0,CALL,388902003,-325.78,USD
2025-06-11T18:53:04+0300,Trade,Buy to Close,BUY_TO_CLOSE,AI    250620P00035000,Equity Option,Bought 1 AI 06/20/25 Put 35.00 @ 9.77,-977.00,1,-977.00,0.00,-0.13,100,AI,AI,6/20/25,35.0,PUT,389061773,-977.13,USD
2025-06-11T18:53:04+0300,Trade,Sell to Close,SELL_TO_CLOSE,AI    250620P00032000,Equity Option,Sold 1 AI 06/20/25 Put 32.00 @ 6.77,677.00,1,677.00,0.00,-0.13,100,AI,AI,6/20/25,32.0,PUT,389061773,676.87,USD
2025-06-11T00:00:00+0300,Receive Deliver,Assignment,,UNFI  250620P00029000,Equity Option,Removal of option due to assignment,0.00,1,0.00,--,0.00,100,UNFI,UNFI,6/20/25,29.0,PUT,,0.00,USD
2025-06-11T00:00:00+0300,Receive Deliver,Buy to Open,BUY_TO_OPEN,UNFI,Equity,Buy to Open 100 UNFI @ 29.00,"-2,900.00",100,-29.00,--,-5.00,,,,,,,,"-2,905.00",USD
2025-06-10T21:45:40+0300,Trade,Buy to Open,BUY_TO_OPEN,SPXL,Equity,Bought 1 SPXL @ 160.34,-160.34,1,-160.34,0.00,0.00,,,,,,,388854853,-160.34,USD
2025-06-10T19:01:09+0300,Trade,Sell to Close,SELL_TO_CLOSE,SPY   250718P00560000,Equity Option,Sold 1 SPY 07/18/25 Put 560.00 @ 2.67,267.00,1,267.00,0.00,-0.13,100,SPY,SPY,7/18/25,560.0,PUT,388779596,266.87,USD
2025-06-10T19:01:09+0300,Trade,Buy to Open,BUY_TO_OPEN,SPY   250718P00570000,Equity Option,Bought 1 SPY 07/18/25 Put 570.00 @ 3.65,-365.00,1,-365.00,-1.00,-0.13,100,SPY,SPY,7/18/25,570.0,PUT,388779596,-366.13,USD
2025-06-10T18:55:31+0300,Trade,Sell to Close,SELL_TO_CLOSE,SOXL,Equity,Sold 1 SOXL @ 21.55,21.55,1,21.55,0.00,0.00,,,,,,,388777171,21.55,USD
2025-06-10T18:53:28+0300,Trade,Sell to Close,SELL_TO_CLOSE,SOXL,Equity,Sold 1 SOXL @ 21.52,21.52,1,21.52,0.00,0.00,,,,,,,388777695,21.52,USD
2025-06-10T16:40:36+0300,Trade,Sell to Open,SELL_TO_OPEN,UNFI  250620P00029000,Equity Option,Sold 1 UNFI 06/20/25 Put 29.00 @ 2.75,275.00,1,275.00,-1.00,-0.13,100,UNFI,UNFI,6/20/25,29.0,PUT,388680504,273.87,USD
2025-06-10T16:40:36+0300,Trade,Buy to Open,BUY_TO_OPEN,UNFI  250620P00026000,Equity Option,Bought 1 UNFI 06/20/25 Put 26.00 @ 1.00,-100.00,1,-100.00,-1.00,-0.13,100,UNFI,UNFI,6/20/25,26.0,PUT,388680504,-101.13,USD
2025-06-07T18:12:12+0300,Money Movement,Balance Adjustment,,,,Regulatory fee adjustment,-0.02,0,,--,0.00,,,,,,,,-0.02,USD
2025-06-06T17:10:36+0300,Trade,Buy to Close,BUY_TO_CLOSE,MRK   250620P00075000,Equity Option,Bought 1 MRK 06/20/25 Put 75.00 @ 0.92,-92.00,1,-92.00,0.00,-0.13,100,MRK,MRK,6/20/25,75.0,PUT,388127367,-92.13,USD
2025-06-06T17:10:36+0300,Trade,Sell to Close,SELL_TO_CLOSE,MRK   250620P00070000,Equity Option,Sold 1 MRK 06/20/25 Put 70.00 @ 0.24,24.00,1,24.00,0.00,-0.13,100,MRK,MRK,6/20/25,70.0,PUT,388127367,23.87,USD
2025-06-06T16:31:42+0300,Trade,Buy to Close,BUY_TO_CLOSE,TSLA  250620C00325000,Equity Option,Bought 1 TSLA 06/20/25 Call 325.00 @ 8.60,-860.00,1,-860.00,0.00,-0.13,100,TSLA,TSLA,6/20/25,325.0,CALL,388118957,-860.13,USD
2025-06-06T16:31:42+0300,Trade,Sell to Close,SELL_TO_CLOSE,TSLA  250620C00320000,Equity Option,Sold 1 TSLA 06/20/25 Call 320.00 @ 10.18,"1,018.00",1,"1,018.00",0.00,-0.13,100,TSLA,TSLA,6/20/25,320.0,CALL,388118957,"1,017.87",USD
2025-06-06T00:00:00+0300,Money Movement,Dividend,,SGOV,Equity,ISHARES TRUST,1.79,0,,--,0.00,,,,,,,,1.79,USD
2025-06-06T00:00:00+0300,Money Movement,Dividend,,SGOV,Equity,ISHARES TRUST,-0.18,0,,--,0.00,,,,,,,,-0.18,USD
2025-06-05T22:39:50+0300,Trade,Sell to Open,SELL_TO_OPEN,TSLA  250620C00325000,Equity Option,Sold 1 TSLA 06/20/25 Call 325.00 @ 5.88,588.00,1,588.00,-1.00,-0.13,100,TSLA,TSLA,6/20/25,325.0,CALL,388068061,586.87,USD
2025-06-05T22:39:50+0300,Trade,Buy to Open,BUY_TO_OPEN,TSLA  250620C00320000,Equity Option,Bought 1 TSLA 06/20/25 Call 320.00 @ 7.00,-700.00,1,-700.00,-1.00,-0.13,100,TSLA,TSLA,6/20/25,320.0,CALL,388068061,-701.13,USD
2025-06-05T21:45:54+0300,Trade,Buy to Open,BUY_TO_OPEN,SPXL,Equity,Bought 1 SPXL @ 156.12,-156.12,1,-156.12,0.00,0.00,,,,,,,388032368,-156.12,USD
2025-06-05T16:41:49+0300,Trade,Buy to Close,BUY_TO_CLOSE,PLTR  250718P00065000,Equity Option,Bought 1 PLTR 07/18/25 Put 65.00 @ 0.15,-15.00,1,-15.00,0.00,-0.13,100,PLTR,PLTR,7/18/25,65.0,PUT,387808727,-15.13,USD
2025-06-05T00:00:00+0300,Money Movement,Dividend,,JPST,Equity,J P MORGAN EXCHANGE TRADED,0.96,0,,--,0.00,,,,,,,,0.96,USD
2025-06-05T00:00:00+0300,Money Movement,Dividend,,JPST,Equity,J P MORGAN EXCHANGE TRADED,-0.10,0,,--,0.00,,,,,,,,-0.10,USD
2025-06-04T21:14:48+0300,Trade,Buy to Open,BUY_TO_OPEN,IWM,Equity,Bought 1 IWM @ 209.13,-209.13,1,-209.13,0.00,0.00,,,,,,,387743232,-209.13,USD
2025-06-04T21:12:31+0300,Trade,Buy to Open,BUY_TO_OPEN,SOXL,Equity,Bought 5 SOXL @ 19.13,-95.65,5,-19.13,0.00,0.00,,,,,,,387742030,-95.65,USD
2025-06-03T19:57:47+0300,Trade,Buy to Open,BUY_TO_OPEN,SPXL,Equity,Bought 1 SPXL @ 156.87,-156.87,1,-156.87,0.00,0.00,,,,,,,387457608,-156.87,USD
2025-06-03T16:30:00+0300,Trade,Sell to Close,SELL_TO_CLOSE,IREN  250815P00008000,Equity Option,Sold 1 IREN 08/15/25 Put 8.00 @ 0.80,80.00,1,80.00,0.00,-0.13,100,IREN,IREN,8/15/25,8.0,PUT,386737526,79.87,USD
2025-06-03T16:30:00+0300,Trade,Buy to Close,BUY_TO_CLOSE,IREN  250815P00012000,Equity Option,Bought 1 IREN 08/15/25 Put 12.00 @ 3.57,-357.00,1,-357.00,0.00,-0.13,100,IREN,IREN,8/15/25,12.0,PUT,386737526,-357.13,USD
2025-05-31T21:12:30+0300,Money Movement,Balance Adjustment,,,,Regulatory fee adjustment,-0.13,0,,--,0.00,,,,,,,,-0.13,USD
2025-05-30T19:44:42+0300,Trade,Sell to Open,SELL_TO_OPEN,EOSE  270115C00010000,Equity Option,Sold 1 EOSE 01/15/27 Call 10.00 @ 0.97,97.00,1,97.00,-1.00,-0.13,100,EOSE,EOSE,1/15/27,10.0,CALL,386887405,95.87,USD
2025-05-30T19:44:42+0300,Trade,Buy to Open,BUY_TO_OPEN,EOSE  270115C00003000,Equity Option,Bought 1 EOSE 01/15/27 Call 3.00 @ 2.32,-232.00,1,-232.00,-1.00,-0.13,100,EOSE,EOSE,1/15/27,3.0,CALL,386887405,-233.13,USD
2025-05-30T17:27:27+0300,Trade,Sell to Close,SELL_TO_CLOSE,PONY  250606P00014000,Equity Option,Sold 1 PONY 06/06/25 Put 14.00 @ 0.12,12.00,1,12.00,0.00,-0.13,100,PONY,PONY,6/06/25,14.0,PUT,386417539,11.87,USD
2025-05-30T17:27:27+0300,Trade,Buy to Close,BUY_TO_CLOSE,PONY  250606P00017000,Equity Option,Bought 1 PONY 06/06/25 Put 17.00 @ 0.78,-78.00,1,-78.00,0.00,-0.13,100,PONY,PONY,6/06/25,17.0,PUT,386417539,-78.13,USD
2025-05-30T16:30:05+0300,Trade,Sell to Close,SELL_TO_CLOSE,AES,Equity,Sold 100 AES @ 9.94,994.10,100,9.94,0.00,-0.10,,,,,,,386741407,994.00,USD
2025-05-30T16:30:05+0300,Trade,Sell to Close,SELL_TO_CLOSE,AES   250620P00010000,Equity Option,Sold 1 AES 06/20/25 Put 10.00 @ 0.30,30.00,1,30.00,0.00,-0.13,100,AES,AES,6/20/25,10.0,PUT,386741407,29.87,USD
2025-05-30T00:00:00+0300,Receive Deliver,Assignment,,AES   250620P00012500,Equity Option,Removal of option due to assignment,0.00,1,0.00,--,0.00,100,AES,AES,6/20/25,12.5,PUT,,0.00,USD
2025-05-30T00:00:00+0300,Receive Deliver,Buy to Open,BUY_TO_OPEN,AES,Equity,Buy to Open 100 AES @ 12.50,"-1,250.00",100,-12.50,--,-5.00,,,,,,,,"-1,255.00",USD
2025-05-29T22:48:23+0300,Trade,Sell to Open,SELL_TO_OPEN,VIX   250618C00022000,Equity Option,Sold 1 VIX 06/18/25 Call 22.00 @ 1.06,106.00,1,106.00,-1.00,-0.78,100,VIX,VIX,6/18/25,22.0,CALL,386708520,104.22,USD
2025-05-29T22:48:23+0300,Trade,Buy to Open,BUY_TO_OPEN,VIX   250618C00019000,Equity Option,Bought 1 VIX 06/18/25 Call 19.00 @ 1.92,-192.00,1,-192.00,-1.00,-0.78,100,VIX,VIX,6/18/25,19.0,CALL,386708520,-193.78,USD
2025-05-29T22:37:30+0300,Trade,Sell to Open,SELL_TO_OPEN,IREN  250815P00012000,Equity Option,Sold 1 IREN 08/15/25 Put 12.00 @ 3.77,377.00,1,377.00,-1.00,-0.13,100,IREN,IREN,8/15/25,12.0,PUT,386702360,375.87,USD
2025-05-29T22:37:30+0300,Trade,Buy to Open,BUY_TO_OPEN,IREN  250815P00008000,Equity Option,Bought 1 IREN 08/15/25 Put 8.00 @ 0.92,-92.00,1,-92.00,-1.00,-0.13,100,IREN,IREN,8/15/25,8.0,PUT,386702360,-93.13,USD
2025-05-29T21:33:17+0300,Trade,Buy to Open,BUY_TO_OPEN,SPY   251128P00585000,Equity Option,Bought 1 SPY 11/28/25 Put 585.00 @ 24.83,"-2,483.00",1,"-2,483.00",-1.00,-0.13,100,SPY,SPY,11/28/25,585.0,PUT,386676455,"-2,484.13",USD
2025-05-29T21:33:17+0300,Trade,Sell to Open,SELL_TO_OPEN,SPY   251128P00580000,Equity Option,Sold 1 SPY 11/28/25 Put 580.00 @ 23.24,"2,324.00",1,"2,324.00",-1.00,-0.13,100,SPY,SPY,11/28/25,580.0,PUT,386676455,"2,322.87",USD
2025-05-29T18:07:16+0300,Trade,Sell to Close,SELL_TO_CLOSE,OKLO  250620C00060000,Equity Option,Sold 1 OKLO 06/20/25 Call 60.00 @ 3.15,315.00,1,315.00,0.00,-0.13,100,OKLO,OKLO,6/20/25,60.0,CALL,386494560,314.87,USD
2025-05-29T18:07:16+0300,Trade,Buy to Close,BUY_TO_CLOSE,OKLO  250620C00055000,Equity Option,Bought 1 OKLO 06/20/25 Call 55.00 @ 4.56,-456.00,1,-456.00,0.00,-0.13,100,OKLO,OKLO,6/20/25,55.0,CALL,386494560,-456.13,USD
2025-05-29T16:37:46+0300,Trade,Buy to Open,BUY_TO_OPEN,AI    250620P00032000,Equity Option,Bought 1 AI 06/20/25 Put 32.00 @ 3.72,-372.00,1,-372.00,-1.00,-0.13,100,AI,AI,6/20/25,32.0,PUT,386501603,-373.13,USD
2025-05-29T16:37:46+0300,Trade,Sell to Open,SELL_TO_OPEN,AI    250620P00035000,Equity Option,Sold 1 AI 06/20/25 Put 35.00 @ 6.19,619.00,1,619.00,-1.00,-0.13,100,AI,AI,6/20/25,35.0,PUT,386501603,617.87,USD
2025-05-29T16:34:12+0300,Trade,Sell to Open,SELL_TO_OPEN,EOSE  260116C00007500,Equity Option,Sold 1 EOSE 01/16/26 Call 7.50 @ 0.68,68.00,1,68.00,-1.00,-0.13,100,EOSE,EOSE,1/16/26,7.5,CALL,386495732,66.87,USD
2025-05-29T16:34:12+0300,Trade,Buy to Open,BUY_TO_OPEN,EOSE  260116C00004500,Equity Option,Bought 1 EOSE 01/16/26 Call 4.50 @ 1.50,-150.00,1,-150.00,-1.00,-0.13,100,EOSE,EOSE,1/16/26,4.5,CALL,386495732,-151.13,USD
2025-05-28T22:30:52+0300,Trade,Sell to Open,SELL_TO_OPEN,PONY  250606P00017000,Equity Option,Sold 1 PONY 06/06/25 Put 17.00 @ 1.44,144.00,1,144.00,-1.00,-0.13,100,PONY,PONY,6/06/25,17.0,PUT,386416576,142.87,USD
2025-05-28T22:30:52+0300,Trade,Buy to Open,BUY_TO_OPEN,PONY  250606P00014000,Equity Option,Bought 1 PONY 06/06/25 Put 14.00 @ 0.35,-35.00,1,-35.00,-1.00,-0.13,100,PONY,PONY,6/06/25,14.0,PUT,386416576,-36.13,USD
2025-05-28T18:08:41+0300,Trade,Sell to Open,SELL_TO_OPEN,MRK   250620P00075000,Equity Option,Sold 1 MRK 06/20/25 Put 75.00 @ 2.08,208.00,1,208.00,-1.00,-0.13,100,MRK,MRK,6/20/25,75.0,PUT,386248358,206.87,USD
2025-05-28T18:08:41+0300,Trade,Buy to Open,BUY_TO_OPEN,MRK   250620P00070000,Equity Option,Bought 1 MRK 06/20/25 Put 70.00 @ 0.73,-73.00,1,-73.00,-1.00,-0.13,100,MRK,MRK,6/20/25,70.0,PUT,386248358,-74.13,USD
2025-05-28T18:04:41+0300,Trade,Sell to Close,SELL_TO_CLOSE,ARE,Equity,Sold 1 ARE @ 69.91,69.91,1,69.91,0.00,0.00,,,,,,,386307207,69.91,USD
2025-05-28T17:21:23+0300,Trade,Buy to Open,BUY_TO_OPEN,OKLO  250620C00060000,Equity Option,Bought 1 OKLO 06/20/25 Call 60.00 @ 4.93,-493.00,1,-493.00,-1.00,-0.13,100,OKLO,OKLO,6/20/25,60.0,CALL,386282040,-494.13,USD
2025-05-28T17:21:23+0300,Trade,Sell to Open,SELL_TO_OPEN,OKLO  250620C00055000,Equity Option,Sold 1 OKLO 06/20/25 Call 55.00 @ 6.66,666.00,1,666.00,-1.00,-0.13,100,OKLO,OKLO,6/20/25,55.0,CALL,386282040,664.87,USD
2025-05-28T16:40:36+0300,Trade,Sell to Close,SELL_TO_CLOSE,UNH   250613P00300000,Equity Option,Sold 1 UNH 06/13/25 Put 300.00 @ 13.33,"1,333.00",1,"1,333.00",0.00,-0.13,100,UNH,UNH,6/13/25,300.0,PUT,386247425,"1,332.87",USD
2025-05-28T16:40:36+0300,Trade,Buy to Close,BUY_TO_CLOSE,UNH   250613P00305000,Equity Option,Bought 1 UNH 06/13/25 Put 305.00 @ 16.31,"-1,631.00",1,"-1,631.00",0.00,-0.13,100,UNH,UNH,6/13/25,305.0,PUT,386247425,"-1,631.13",USD
2025-05-28T16:32:26+0300,Trade,Sell to Close,SELL_TO_CLOSE,ETHE  250620C00027000,Equity Option,Sold 1 ETHE 06/20/25 Call 27.00 @ 0.42,42.00,1,42.00,0.00,-0.13,100,ETHE,ETHE,6/20/25,27.0,CALL,386237673,41.87,USD
2025-05-28T16:32:26+0300,Trade,Buy to Close,BUY_TO_CLOSE,ETHE  250620C00022000,Equity Option,Bought 1 ETHE 06/20/25 Call 22.00 @ 1.72,-172.00,1,-172.00,0.00,-0.13,100,ETHE,ETHE,6/20/25,22.0,CALL,386237673,-172.13,USD
2025-05-28T16:30:10+0300,Trade,Sell to Open,SELL_TO_OPEN,AES   250620P00012500,Equity Option,Sold 1 AES 06/20/25 Put 12.50 @ 2.44,244.00,1,244.00,-1.00,-0.13,100,AES,AES,6/20/25,12.5,PUT,386230359,242.87,USD
2025-05-28T16:30:10+0300,Trade,Buy to Open,BUY_TO_OPEN,AES   250620P00010000,Equity Option,Bought 1 AES 06/20/25 Put 10.00 @ 0.42,-42.00,1,-42.00,-1.00,-0.13,100,AES,AES,6/20/25,10.0,PUT,386230359,-43.13,USD
2025-05-28T16:30:00+0300,Trade,Sell to Close,SELL_TO_CLOSE,TSLA  250620P00337500,Equity Option,Sold 1 TSLA 06/20/25 Put 337.50 @ 11.25,"1,125.00",1,"1,125.00",0.00,-0.13,100,TSLA,TSLA,6/20/25,337.5,PUT,386227666,"1,124.87",USD
2025-05-28T16:30:00+0300,Trade,Buy to Close,BUY_TO_CLOSE,TSLA  250620P00340000,Equity Option,Bought 1 TSLA 06/20/25 Put 340.00 @ 12.10,"-1,210.00",1,"-1,210.00",0.00,-0.13,100,TSLA,TSLA,6/20/25,340.0,PUT,386227666,"-1,210.13",USD
2025-05-27T19:39:19+0300,Trade,Sell to Close,SELL_TO_CLOSE,FETH,Equity,Sold 1 FETH @ 26.77,26.77,1,26.77,0.00,0.00,,,,,,,386114042,26.77,USD
2025-05-27T17:27:51+0300,Trade,Buy to Close,BUY_TO_CLOSE,OKLO  250620P00055000,Equity Option,Bought 1 OKLO 06/20/25 Put 55.00 @ 9.19,-919.00,1,-919.00,0.00,-0.13,100,OKLO,OKLO,6/20/25,55.0,PUT,386053017,-919.13,USD
2025-05-27T17:27:51+0300,Trade,Sell to Close,SELL_TO_CLOSE,OKLO  250620P00048000,Equity Option,Sold 1 OKLO 06/20/25 Put 48.00 @ 4.89,489.00,1,489.00,0.00,-0.13,100,OKLO,OKLO,6/20/25,48.0,PUT,386053017,488.87,USD
2025-05-24T22:40:28+0300,Money Movement,Balance Adjustment,,,,Regulatory fee adjustment,-0.11,0,,--,0.00,,,,,,,,-0.11,USD
2025-05-23T22:51:06+0300,Trade,Sell to Open,SELL_TO_OPEN,OKLO  250620P00055000,Equity Option,Sold 1 OKLO 06/20/25 Put 55.00 @ 10.85,"1,085.00",1,"1,085.00",-1.00,-0.13,100,OKLO,OKLO,6/20/25,55.0,PUT,385925718,"1,083.87",USD
2025-05-23T22:51:06+0300,Trade,Buy to Open,BUY_TO_OPEN,OKLO  250620P00048000,Equity Option,Bought 1 OKLO 06/20/25 Put 48.00 @ 6.35,-635.00,1,-635.00,-1.00,-0.13,100,OKLO,OKLO,6/20/25,48.0,PUT,385925718,-636.13,USD
2025-05-22T20:21:43+0300,Trade,Sell to Close,SELL_TO_CLOSE,FETH,Equity,Sold 1 FETH @ 26.72,26.72,1,26.72,0.00,0.00,,,,,,,385596577,26.72,USD
2025-05-22T19:46:21+0300,Trade,Sell to Close,SELL_TO_CLOSE,TGT   250620C00092000,Equity Option,Sold 1 TGT 06/20/25 Call 92.00 @ 6.15,615.00,1,615.00,0.00,-0.13,100,TGT,TGT,6/20/25,92.0,CALL,385551761,614.87,USD
2025-05-22T19:46:21+0300,Trade,Buy to Close,BUY_TO_CLOSE,TGT   250620C00095000,Equity Option,Bought 1 TGT 06/20/25 Call 95.00 @ 4.30,-430.00,1,-430.00,0.00,-0.13,100,TGT,TGT,6/20/25,95.0,CALL,385551761,-430.13,USD
2025-05-22T17:17:51+0300,Trade,Buy to Close,BUY_TO_CLOSE,IREN  260116C00015000,Equity Option,Bought 1 IREN 01/16/26 Call 15.00 @ 1.30,-130.00,1,-130.00,0.00,-0.13,100,IREN,IREN,1/16/26,15.0,CALL,385479368,-130.13,USD
2025-05-22T17:17:51+0300,Trade,Sell to Close,SELL_TO_CLOSE,IREN  260116C00007500,Equity Option,Sold 1 IREN 01/16/26 Call 7.50 @ 3.50,350.00,1,350.00,0.00,-0.13,100,IREN,IREN,1/16/26,7.5,CALL,385479368,349.87,USD
2025-05-22T17:06:27+0300,Trade,Sell to Close,SELL_TO_CLOSE,IBIT,Equity,Sold 1 IBIT @ 63.10,63.10,1,63.10,0.00,0.00,,,,,,,385497678,63.10,USD
2025-05-22T17:04:11+0300,Trade,Sell to Close,SELL_TO_CLOSE,FETH,Equity,Sold 1 FETH @ 26.56,26.56,1,26.56,0.00,0.00,,,,,,,385491221,26.56,USD
2025-05-22T16:59:36+0300,Trade,Sell to Close,SELL_TO_CLOSE,FETH,Equity,Sold 1 FETH @ 26.46,26.46,1,26.46,0.00,0.00,,,,,,,385490009,26.46,USD
2025-05-22T16:35:54+0300,Trade,Buy to Close,BUY_TO_CLOSE,IBIT  250620P00063000,Equity Option,Bought 1 IBIT 06/20/25 Put 63.00 @ 3.11,-311.00,1,-311.00,0.00,-0.13,100,IBIT,IBIT,6/20/25,63.0,PUT,385464232,-311.13,USD
2025-05-22T16:35:54+0300,Trade,Sell to Close,SELL_TO_CLOSE,IBIT  250620P00056000,Equity Option,Sold 1 IBIT 06/20/25 Put 56.00 @ 0.78,78.00,1,78.00,0.00,-0.13,100,IBIT,IBIT,6/20/25,56.0,PUT,385464232,77.87,USD
2025-05-21T23:15:00+0300,Receive Deliver,Expiration,BUY_TO_CLOSE,SPY   250521P00485000,Equity Option,Removal of 1.0 SPY 05/21/25 Put 485.00 due to expiration.,0.00,1,0.00,--,0.00,100,SPY,SPY,5/21/25,485.0,PUT,,0.00,USD
2025-05-21T23:15:00+0300,Receive Deliver,Expiration,SELL_TO_CLOSE,SPY   250521P00525000,Equity Option,Removal of 1.0 SPY 05/21/25 Put 525.00 due to expiration.,0.00,1,0.00,--,0.00,100,SPY,SPY,5/21/25,525.0,PUT,,0.00,USD
2025-05-21T20:25:38+0300,Trade,Sell to Open,SELL_TO_OPEN,TSLA  250620P00340000,Equity Option,Sold 1 TSLA 06/20/25 Put 340.00 @ 23.68,"2,368.00",1,"2,368.00",-1.00,-0.13,100,TSLA,TSLA,6/20/25,340.0,PUT,385325352,"2,366.87",USD
2025-05-21T20:25:38+0300,Trade,Buy to Open,BUY_TO_OPEN,TSLA  250620P00337500,Equity Option,Bought 1 TSLA 06/20/25 Put 337.50 @ 22.35,"-2,235.00",1,"-2,235.00",-1.00,-0.13,100,TSLA,TSLA,6/20/25,337.5,PUT,385325352,"-2,236.13",USD
2025-05-21T16:59:32+0300,Trade,Sell to Open,SELL_TO_OPEN,TGT   250620C00095000,Equity Option,Sold 1 TGT 06/20/25 Call 95.00 @ 2.56,256.00,1,256.00,-1.00,-0.13,100,TGT,TGT,6/20/25,95.0,CALL,385206006,254.87,USD
2025-05-21T16:59:32+0300,Trade,Buy to Open,BUY_TO_OPEN,TGT   250620C00092000,Equity Option,Bought 1 TGT 06/20/25 Call 92.00 @ 3.89,-389.00,1,-389.00,-1.00,-0.13,100,TGT,TGT,6/20/25,92.0,CALL,385206006,-390.13,USD
2025-05-21T16:47:30+0300,Trade,Sell to Open,SELL_TO_OPEN,UNH   250613P00305000,Equity Option,Sold 1 UNH 06/13/25 Put 305.00 @ 18.55,"1,855.00",1,"1,855.00",-1.00,-0.13,100,UNH,UNH,6/13/25,305.0,PUT,385194152,"1,853.87",USD
2025-05-21T16:47:30+0300,Trade,Buy to Open,BUY_TO_OPEN,UNH   250613P00300000,Equity Option,Bought 1 UNH 06/13/25 Put 300.00 @ 16.17,"-1,617.00",1,"-1,617.00",-1.00,-0.13,100,UNH,UNH,6/13/25,300.0,PUT,385194152,"-1,618.13",USD
2025-05-21T16:31:58+0300,Trade,Sell to Close,SELL_TO_CLOSE,UNH   250606C00315000,Equity Option,Sold 1 UNH 06/06/25 Call 315.00 @ 11.22,"1,122.00",1,"1,122.00",0.00,-0.13,100,UNH,UNH,6/06/25,315.0,CALL,385174583,"1,121.87",USD
2025-05-21T16:31:58+0300,Trade,Buy to Close,BUY_TO_CLOSE,UNH   250606C00290000,Equity Option,Bought 1 UNH 06/06/25 Call 290.00 @ 23.69,"-2,369.00",1,"-2,369.00",0.00,-0.13,100,UNH,UNH,6/06/25,290.0,CALL,385174583,"-2,369.13",USD
2025-05-21T16:31:58+0300,Trade,Buy to Close,BUY_TO_CLOSE,UNH   250606P00265000,Equity Option,Bought 1 UNH 06/06/25 Put 265.00 @ 3.15,-315.00,1,-315.00,0.00,-0.13,100,UNH,UNH,6/06/25,265.0,PUT,385174583,-315.13,USD
2025-05-21T16:31:58+0300,Trade,Sell to Close,SELL_TO_CLOSE,UNH   250606P00240000,Equity Option,Sold 1 UNH 06/06/25 Put 240.00 @ 1.01,101.00,1,101.00,0.00,-0.13,100,UNH,UNH,6/06/25,240.0,PUT,385174583,100.87,USD
2025-05-20T17:16:30+0300,Trade,Buy to Close,BUY_TO_CLOSE,TSLA  250606C00400000,Equity Option,Bought 1 TSLA 06/06/25 Call 400.00 @ 4.93,-493.00,1,-493.00,0.00,-0.13,100,TSLA,TSLA,6/06/25,400.0,CALL,384976373,-493.13,USD
2025-05-20T17:16:30+0300,Trade,Sell to Close,SELL_TO_CLOSE,TSLA  250606C00395000,Equity Option,Sold 1 TSLA 06/06/25 Call 395.00 @ 5.55,555.00,1,555.00,0.00,-0.13,100,TSLA,TSLA,6/06/25,395.0,CALL,384976373,554.87,USD
2025-05-19T16:30:09+0300,Trade,Sell to Open,SELL_TO_OPEN,TSLA  250606C00400000,Equity Option,Sold 1 TSLA 06/06/25 Call 400.00 @ 4.30,430.00,1,430.00,-1.00,-0.13,100,TSLA,TSLA,6/06/25,400.0,CALL,384697046,428.87,USD
2025-05-19T16:30:09+0300,Trade,Buy to Open,BUY_TO_OPEN,TSLA  250606C00395000,Equity Option,Bought 1 TSLA 06/06/25 Call 395.00 @ 4.80,-480.00,1,-480.00,-1.00,-0.13,100,TSLA,TSLA,6/06/25,395.0,CALL,384697046,-481.13,USD
2025-05-17T20:42:31+0300,Money Movement,Balance Adjustment,,,,Regulatory fee adjustment,-0.13,0,,--,0.00,,,,,,,,-0.13,USD
2025-05-17T00:00:00+0300,Money Movement,Debit Interest,,,,FROM 04/16 THRU 05/15 @11    %,-0.29,0,,--,0.00,,,,,,,,-0.29,USD
2025-05-16T23:15:00+0300,Receive Deliver,Expiration,BUY_TO_CLOSE,IWM   250516P00180000,Equity Option,Removal of 1.0 IWM 05/16/25 Put 180.00 due to expiration.,0.00,1,0.00,--,0.00,100,IWM,IWM,5/16/25,180.0,PUT,,0.00,USD
2025-05-16T23:15:00+0300,Receive Deliver,Expiration,SELL_TO_CLOSE,IWM   250516P00184000,Equity Option,Removal of 1.0 IWM 05/16/25 Put 184.00 due to expiration.,0.00,1,0.00,--,0.00,100,IWM,IWM,5/16/25,184.0,PUT,,0.00,USD
2025-05-16T23:00:00+0300,Receive Deliver,Expiration,BUY_TO_CLOSE,TLT   250516C00095000,Equity Option,Removal of 1.0 TLT 05/16/25 Call 95.00 due to expiration.,0.00,1,0.00,--,0.00,100,TLT,TLT,5/16/25,95.0,CALL,,0.00,USD
2025-05-16T23:00:00+0300,Receive Deliver,Expiration,SELL_TO_CLOSE,TLT   250516C00090000,Equity Option,Removal of 1.0 TLT 05/16/25 Call 90.00 due to expiration.,0.00,1,0.00,--,0.00,100,TLT,TLT,5/16/25,90.0,CALL,,0.00,USD
2025-05-16T20:11:29+0300,Trade,Buy to Close,BUY_TO_CLOSE,UNH   250620C00450000,Equity Option,Bought 1 UNH 06/20/25 Call 450.00 @ 1.32,-132.00,1,-132.00,0.00,-0.13,100,UNH,UNH,6/20/25,450.0,CALL,384569737,-132.13,USD
2025-05-16T20:11:29+0300,Trade,Sell to Close,SELL_TO_CLOSE,UNH   250620C00400000,Equity Option,Sold 1 UNH 06/20/25 Call 400.00 @ 2.62,262.00,1,262.00,0.00,-0.13,100,UNH,UNH,6/20/25,400.0,CALL,384569737,261.87,USD
2025-05-16T20:05:28+0300,Trade,Buy to Open,BUY_TO_OPEN,UNH   250606P00240000,Equity Option,Bought 1 UNH 06/06/25 Put 240.00 @ 4.75,-475.00,1,-475.00,-1.00,-0.13,100,UNH,UNH,6/06/25,240.0,PUT,384543408,-476.13,USD
2025-05-16T20:05:28+0300,Trade,Buy to Open,BUY_TO_OPEN,UNH   250606C00315000,Equity Option,Bought 1 UNH 06/06/25 Call 315.00 @ 12.25,"-1,225.00",1,"-1,225.00",-1.00,-0.13,100,UNH,UNH,6/06/25,315.0,CALL,384543408,"-1,226.13",USD
2025-05-16T20:05:28+0300,Trade,Sell to Open,SELL_TO_OPEN,UNH   250606P00265000,Equity Option,Sold 1 UNH 06/06/25 Put 265.00 @ 10.02,"1,002.00",1,"1,002.00",-1.00,-0.13,100,UNH,UNH,6/06/25,265.0,PUT,384543408,"1,000.87",USD
2025-05-16T20:05:28+0300,Trade,Sell to Open,SELL_TO_OPEN,UNH   250606C00290000,Equity Option,Sold 1 UNH 06/06/25 Call 290.00 @ 22.13,"2,213.00",1,"2,213.00",-1.00,-0.13,100,UNH,UNH,6/06/25,290.0,CALL,384543408,"2,211.87",USD
2025-05-16T16:32:20+0300,Trade,Sell to Close,SELL_TO_CLOSE,UNH   250516C00292500,Equity Option,Sold 1 UNH 05/16/25 Call 292.50 @ 0.73,73.00,1,73.00,0.00,-0.13,100,UNH,UNH,5/16/25,292.5,CALL,384414443,72.87,USD
2025-05-16T16:32:20+0300,Trade,Buy to Close,BUY_TO_CLOSE,UNH   250516C00290000,Equity Option,Bought 1 UNH 05/16/25 Call 290.00 @ 0.93,-93.00,1,-93.00,0.00,-0.13,100,UNH,UNH,5/16/25,290.0,CALL,384414443,-93.13,USD
2025-05-16T00:00:00+0300,Money Movement,Dividend,,AES,Equity,AES CORP,-0.09,0,,--,0.00,,,,,,,,-0.09,USD
2025-05-16T00:00:00+0300,Money Movement,Dividend,,AES,Equity,AES CORP,0.88,0,,--,0.00,,,,,,,,0.88,USD
2025-05-15T22:23:01+0300,Trade,Buy to Open,BUY_TO_OPEN,UNH   250516C00292500,Equity Option,Bought 1 UNH 05/16/25 Call 292.50 @ 1.14,-114.00,1,-114.00,-1.00,-0.13,100,UNH,UNH,5/16/25,292.5,CALL,384371220,-115.13,USD
2025-05-15T22:23:01+0300,Trade,Sell to Open,SELL_TO_OPEN,UNH   250516C00290000,Equity Option,Sold 1 UNH 05/16/25 Call 290.00 @ 1.37,137.00,1,137.00,-1.00,-0.13,100,UNH,UNH,5/16/25,290.0,CALL,384371220,135.87,USD
2025-05-15T16:38:51+0300,Trade,Sell to Open,SELL_TO_OPEN,UNH   250620C00450000,Equity Option,Sold 1 UNH 06/20/25 Call 450.00 @ 0.92,92.00,1,92.00,-1.00,-0.13,100,UNH,UNH,6/20/25,450.0,CALL,384176742,90.87,USD
2025-05-15T16:38:51+0300,Trade,Buy to Open,BUY_TO_OPEN,UNH   250620C00400000,Equity Option,Bought 1 UNH 06/20/25 Call 400.00 @ 1.60,-160.00,1,-160.00,-1.00,-0.13,100,UNH,UNH,6/20/25,400.0,CALL,384176742,-161.13,USD
2025-05-14T21:41:12+0300,Trade,Sell to Close,SELL_TO_CLOSE,URA,Equity,Sold 1 URA @ 28.16,28.16,1,28.16,0.00,0.00,,,,,,,384095891,28.16,USD
2025-05-14T16:30:51+0300,Trade,Buy to Close,BUY_TO_CLOSE,UNH   250620C00420000,Equity Option,Bought 1 UNH 06/20/25 Call 420.00 @ 2.20,-220.00,1,-220.00,0.00,-0.13,100,UNH,UNH,6/20/25,420.0,CALL,383909595,-220.13,USD
2025-05-14T16:30:51+0300,Trade,Sell to Close,SELL_TO_CLOSE,UNH   250620C00400000,Equity Option,Sold 1 UNH 06/20/25 Call 400.00 @ 3.17,317.00,1,317.00,0.00,-0.13,100,UNH,UNH,6/20/25,400.0,CALL,383909595,316.87,USD
2025-05-13T22:34:32+0300,Trade,Buy to Open,BUY_TO_OPEN,IBIT  250620P00056000,Equity Option,Bought 1 IBIT 06/20/25 Put 56.00 @ 1.73,-173.00,1,-173.00,-1.00,-0.13,100,IBIT,IBIT,6/20/25,56.0,PUT,383859818,-174.13,USD
2025-05-13T22:34:32+0300,Trade,Sell to Open,SELL_TO_OPEN,IBIT  250620P00063000,Equity Option,Sold 1 IBIT 06/20/25 Put 63.00 @ 5.40,540.00,1,540.00,-1.00,-0.13,100,IBIT,IBIT,6/20/25,63.0,PUT,383859818,538.87,USD
2025-05-13T22:34:14+0300,Trade,Buy to Open,BUY_TO_OPEN,ETHE  250620C00027000,Equity Option,Bought 1 ETHE 06/20/25 Call 27.00 @ 0.77,-77.00,1,-77.00,-1.00,-0.13,100,ETHE,ETHE,6/20/25,27.0,CALL,383859658,-78.13,USD
2025-05-13T22:34:14+0300,Trade,Sell to Open,SELL_TO_OPEN,ETHE  250620C00022000,Equity Option,Sold 1 ETHE 06/20/25 Call 22.00 @ 2.28,228.00,1,228.00,-1.00,-0.13,100,ETHE,ETHE,6/20/25,22.0,CALL,383859658,226.87,USD
2025-05-13T20:25:43+0300,Trade,Sell to Close,SELL_TO_CLOSE,FETH,Equity,Sold 1 FETH @ 26.17,26.17,1,26.17,0.00,0.00,,,,,,,377915797,26.17,USD
2025-05-13T18:24:53+0300,Trade,Sell to Open,SELL_TO_OPEN,UNH   250620C00420000,Equity Option,Sold 1 UNH 06/20/25 Call 420.00 @ 1.60,160.00,1,160.00,-1.00,-0.13,100,UNH,UNH,6/20/25,420.0,CALL,383740196,158.87,USD
2025-05-13T18:24:53+0300,Trade,Buy to Open,BUY_TO_OPEN,UNH   250620C00400000,Equity Option,Bought 1 UNH 06/20/25 Call 400.00 @ 2.27,-227.00,1,-227.00,-1.00,-0.13,100,UNH,UNH,6/20/25,400.0,CALL,383740196,-228.13,USD
2025-05-13T17:28:15+0300,Trade,Buy to Close,BUY_TO_CLOSE,SLV   250516C00031500,Equity Option,Bought 1 SLV 05/16/25 Call 31.50 @ 0.02,-2.00,1,-2.00,0.00,-0.13,100,SLV,SLV,5/16/25,31.5,CALL,383687562,-2.13,USD
2025-05-13T17:28:15+0300,Trade,Sell to Close,SELL_TO_CLOSE,SLV   250516C00028500,Equity Option,Sold 1 SLV 05/16/25 Call 28.50 @ 1.30,130.00,1,130.00,0.00,-0.13,100,SLV,SLV,5/16/25,28.5,CALL,383687562,129.87,USD
2025-05-13T17:24:58+0300,Trade,Sell to Close,SELL_TO_CLOSE,FETH,Equity,Sold 1 FETH @ 25.55,25.55,1,25.55,0.00,0.00,,,,,,,383685222,25.55,USD
2025-05-13T17:14:09+0300,Trade,Sell to Close,SELL_TO_CLOSE,FETH,Equity,Sold 1 FETH @ 25.35,25.35,1,25.35,0.00,0.00,,,,,,,383683784,25.35,USD
2025-05-12T21:22:54+0300,Trade,Sell to Close,SELL_TO_CLOSE,INVZ,Equity,Sold 50 INVZ @ 0.91,45.50,50,0.91,0.00,-0.06,,,,,,,383403647,45.44,USD
2025-05-12T20:52:58+0300,Trade,Buy to Close,BUY_TO_CLOSE,USO   250516C00075000,Equity Option,Bought 1 USO 05/16/25 Call 75.00 @ 0.03,-3.00,1,-3.00,0.00,-0.13,100,USO,USO,5/16/25,75.0,CALL,383533149,-3.13,USD
2025-05-12T20:52:58+0300,Trade,Sell to Close,SELL_TO_CLOSE,USO   250516C00070000,Equity Option,Sold 1 USO 05/16/25 Call 70.00 @ 0.33,33.00,1,33.00,0.00,-0.14,100,USO,USO,5/16/25,70.0,CALL,383533149,32.86,USD
2025-05-12T19:42:06+0300,Trade,Buy to Open,BUY_TO_OPEN,SPY   250521P00525000,Equity Option,Bought 1 SPY 05/21/25 Put 525.00 @ 0.16,-16.00,1,-16.00,-1.00,-0.13,100,SPY,SPY,5/21/25,525.0,PUT,383370777,-17.13,USD
2025-05-12T19:42:06+0300,Trade,Sell to Open,SELL_TO_OPEN,SPY   250521P00485000,Equity Option,Sold 1 SPY 05/21/25 Put 485.00 @ 0.05,5.00,1,5.00,-1.00,-0.14,100,SPY,SPY,5/21/25,485.0,PUT,383370777,3.86,USD
2025-05-12T19:42:06+0300,Trade,Sell to Close,SELL_TO_CLOSE,SPY   250516P00525000,Equity Option,Sold 1 SPY 05/16/25 Put 525.00 @ 0.06,6.00,1,6.00,0.00,-0.14,100,SPY,SPY,5/16/25,525.0,PUT,383370777,5.86,USD
2025-05-12T19:42:06+0300,Trade,Buy to Close,BUY_TO_CLOSE,SPY   250516P00485000,Equity Option,Bought 1 SPY 05/16/25 Put 485.00 @ 0.03,-3.00,1,-3.00,0.00,-0.13,100,SPY,SPY,5/16/25,485.0,PUT,383370777,-3.13,USD
2025-05-10T19:11:32+0300,Money Movement,Balance Adjustment,,,,Regulatory fee adjustment,-0.03,0,,--,0.00,,,,,,,,-0.03,USD
2025-05-09T16:45:31+0300,Trade,Sell to Close,SELL_TO_CLOSE,FETH,Equity,Sold 1 FETH @ 23.68,23.68,1,23.68,0.00,-0.01,,,,,,,383081684,23.67,USD
2025-05-09T16:39:32+0300,Trade,Buy to Close,BUY_TO_CLOSE,SPY   250516P00520000,Equity Option,Bought 1 SPY 05/16/25 Put 520.00 @ 0.26,-26.00,1,-26.00,0.00,-0.13,100,SPY,SPY,5/16/25,520.0,PUT,383074623,-26.13,USD
2025-05-09T16:39:32+0300,Trade,Sell to Close,SELL_TO_CLOSE,SPY   250516P00500000,Equity Option,Sold 1 SPY 05/16/25 Put 500.00 @ 0.13,13.00,1,13.00,0.00,-0.14,100,SPY,SPY,5/16/25,500.0,PUT,383074623,12.86,USD
2025-05-07T16:30:00+0300,Trade,Sell to Close,SELL_TO_CLOSE,NBIS  270115C00030000,Equity Option,Sold 1 NBIS 01/15/27 Call 30.00 @ 11.03,"1,103.00",1,"1,103.00",0.00,-0.17,100,NBIS,NBIS,1/15/27,30.0,CALL,382026859,"1,102.83",USD
2025-05-07T16:30:00+0300,Trade,Buy to Close,BUY_TO_CLOSE,NBIS  270115C00040000,Equity Option,Bought 1 NBIS 01/15/27 Call 40.00 @ 8.58,-858.00,1,-858.00,0.00,-0.13,100,NBIS,NBIS,1/15/27,40.0,CALL,382026859,-858.13,USD
2025-05-06T18:28:19+0300,Trade,Sell to Close,SELL_TO_CLOSE,AES,Equity,Sold 5 AES @ 10.51,52.55,5,10.51,0.00,-0.01,,,,,,,382314682,52.53,USD
2025-05-03T22:51:13+0300,Money Movement,Balance Adjustment,,,,Regulatory fee adjustment,-0.07,0,,--,0.00,,,,,,,,-0.07,USD
2025-05-02T18:20:01+0300,Trade,Sell to Open,SELL_TO_OPEN,SLV   250516C00031500,Equity Option,Sold 1 SLV 05/16/25 Call 31.50 @ 0.08,8.00,1,8.00,-1.00,-0.14,100,SLV,SLV,5/16/25,31.5,CALL,381909112,6.86,USD
2025-05-02T18:20:01+0300,Trade,Buy to Open,BUY_TO_OPEN,SLV   250516C00028500,Equity Option,Bought 1 SLV 05/16/25 Call 28.50 @ 1.04,-104.00,1,-104.00,-1.00,-0.13,100,SLV,SLV,5/16/25,28.5,CALL,381909112,-105.13,USD
2025-05-02T17:03:07+0300,Trade,Buy to Close,BUY_TO_CLOSE,PLTR  250516C00175000,Equity Option,Bought 1 PLTR 05/16/25 Call 175.00 @ 0.59,-59.00,1,-59.00,0.00,-0.13,100,PLTR,PLTR,5/16/25,175.0,CALL,381826637,-59.13,USD
2025-05-02T17:03:07+0300,Trade,Sell to Close,SELL_TO_CLOSE,PLTR  250516C00150000,Equity Option,Sold 1 PLTR 05/16/25 Call 150.00 @ 2.26,226.00,1,226.00,0.00,-0.14,100,PLTR,PLTR,5/16/25,150.0,CALL,381826637,225.86,USD
2025-05-02T16:55:59+0300,Trade,Sell to Open,SELL_TO_OPEN,SPY   250718P00555000,Equity Option,Sold 1 SPY 07/18/25 Put 555.00 @ 16.64,"1,664.00",1,"1,664.00",-1.00,-0.18,100,SPY,SPY,7/18/25,555.0,PUT,381851250,"1,662.82",USD
2025-05-02T16:55:59+0300,Trade,Buy to Open,BUY_TO_OPEN,SPY   250718P00560000,Equity Option,Bought 1 SPY 07/18/25 Put 560.00 @ 18.29,"-1,829.00",1,"-1,829.00",-1.00,-0.13,100,SPY,SPY,7/18/25,560.0,PUT,381851250,"-1,830.13",USD
2025-05-01T17:07:40+0300,Trade,Buy to Open,BUY_TO_OPEN,JPST,Equity,Bought 5 JPST @ 50.47,-252.35,5,-50.47,0.00,0.00,,,,,,,381576304,-252.35,USD
2025-05-01T16:56:16+0300,Trade,Buy to Open,BUY_TO_OPEN,SGOV,Equity,Bought 5 SGOV @ 100.36,-501.80,5,-100.36,0.00,0.00,,,,,,,381576051,-501.80,USD
2025-05-01T16:30:00+0300,Trade,Sell to Close,SELL_TO_CLOSE,FETH,Equity,Sold 1 FETH @ 18.51,18.51,1,18.51,0.00,-0.01,,,,,,,381263999,18.50,USD
2025-04-30T22:58:46+0300,Trade,Sell to Close,SELL_TO_CLOSE,SMCI  250516C00030000,Equity Option,Sold 1 SMCI 05/16/25 Call 30.00 @ 3.78,378.00,1,378.00,0.00,-0.15,100,SMCI,SMCI,5/16/25,30.0,CALL,381498335,377.85,USD
2025-04-30T22:58:46+0300,Trade,Buy to Close,BUY_TO_CLOSE,SMCI  250516C00037000,Equity Option,Bought 1 SMCI 05/16/25 Call 37.00 @ 1.06,-106.00,1,-106.00,0.00,-0.13,100,SMCI,SMCI,5/16/25,37.0,CALL,381498335,-106.13,USD
2025-04-30T16:45:22+0300,Trade,Sell to Open,SELL_TO_OPEN,SMCI  250516C00037000,Equity Option,Sold 1 SMCI 05/16/25 Call 37.00 @ 0.66,66.00,1,66.00,-1.00,-0.14,100,SMCI,SMCI,5/16/25,37.0,CALL,381303472,64.86,USD
2025-04-30T16:45:22+0300,Trade,Buy to Open,BUY_TO_OPEN,SMCI  250516C00030000,Equity Option,Bought 1 SMCI 05/16/25 Call 30.00 @ 2.54,-254.00,1,-254.00,-1.00,-0.13,100,SMCI,SMCI,5/16/25,30.0,CALL,381303472,-255.13,USD
2025-04-30T16:30:03+0300,Trade,Buy to Open,BUY_TO_OPEN,PLTR  250516C00150000,Equity Option,Bought 1 PLTR 05/16/25 Call 150.00 @ 1.27,-127.00,1,-127.00,-1.00,-0.13,100,PLTR,PLTR,5/16/25,150.0,CALL,381263974,-128.13,USD
2025-04-30T16:30:03+0300,Trade,Sell to Open,SELL_TO_OPEN,PLTR  250516C00175000,Equity Option,Sold 1 PLTR 05/16/25 Call 175.00 @ 0.37,37.00,1,37.00,-1.00,-0.14,100,PLTR,PLTR,5/16/25,175.0,CALL,381263974,35.86,USD
2025-04-29T22:24:17+0300,Trade,Buy to Close,BUY_TO_CLOSE,SNAP  250516C00013000,Equity Option,Bought 1 SNAP 05/16/25 Call 13.00 @ 0.14,-14.00,1,-14.00,0.00,-0.13,100,SNAP,SNAP,5/16/25,13.0,CALL,381226585,-14.13,USD
2025-04-29T22:24:17+0300,Trade,Sell to Close,SELL_TO_CLOSE,SNAP  250516C00009000,Equity Option,Sold 1 SNAP 05/16/25 Call 9.00 @ 1.03,103.00,1,103.00,0.00,-0.14,100,SNAP,SNAP,5/16/25,9.0,CALL,381226585,102.86,USD
2025-04-29T17:32:14+0300,Trade,Buy to Close,BUY_TO_CLOSE,EVLV  260116C00005000,Equity Option,Bought 1 EVLV 01/16/26 Call 5.00 @ 0.90,-90.00,1,-90.00,0.00,-0.13,100,EVLV,EVLV,1/16/26,5.0,CALL,381101634,-90.13,USD
2025-04-29T17:32:14+0300,Trade,Sell to Close,SELL_TO_CLOSE,EVLV  260116C00003000,Equity Option,Sold 1 EVLV 01/16/26 Call 3.00 @ 1.77,177.00,1,177.00,0.00,-0.14,100,EVLV,EVLV,1/16/26,3.0,CALL,381101634,176.86,USD
2025-04-29T17:09:43+0300,Trade,Buy to Close,BUY_TO_CLOSE,AAPL  250516C00230000,Equity Option,Bought 1 AAPL 05/16/25 Call 230.00 @ 1.00,-100.00,1,-100.00,0.00,-0.13,100,AAPL,AAPL,5/16/25,230.0,CALL,381084977,-100.13,USD
2025-04-29T17:09:43+0300,Trade,Sell to Close,SELL_TO_CLOSE,AAPL  250516C00220000,Equity Option,Sold 1 AAPL 05/16/25 Call 220.00 @ 3.25,325.00,1,325.00,0.00,-0.14,100,AAPL,AAPL,5/16/25,220.0,CALL,381084977,324.86,USD
2025-04-29T16:30:14+0300,Trade,Sell to Open,SELL_TO_OPEN,AAPL  250516C00230000,Equity Option,Sold 1 AAPL 05/16/25 Call 230.00 @ 0.80,80.00,1,80.00,-1.00,-0.14,100,AAPL,AAPL,5/16/25,230.0,CALL,381032327,78.86,USD
2025-04-29T16:30:14+0300,Trade,Buy to Open,BUY_TO_OPEN,AAPL  250516C00220000,Equity Option,Bought 1 AAPL 05/16/25 Call 220.00 @ 2.56,-256.00,1,-256.00,-1.00,-0.13,100,AAPL,AAPL,5/16/25,220.0,CALL,381032327,-257.13,USD
2025-04-26T21:42:07+0300,Money Movement,Balance Adjustment,,,,Regulatory fee adjustment,-0.25,0,,--,0.00,,,,,,,,-0.25,USD
2025-04-25T21:51:16+0300,Trade,Sell to Open,SELL_TO_OPEN,PLTR  250718P00065000,Equity Option,Sold 1 PLTR 07/18/25 Put 65.00 @ 1.56,156.00,1,156.00,-1.00,-0.14,100,PLTR,PLTR,7/18/25,65.0,PUT,380737235,154.86,USD
2025-04-25T21:51:16+0300,Trade,Buy to Open,BUY_TO_OPEN,PLTR  250718P00075000,Equity Option,Bought 1 PLTR 07/18/25 Put 75.00 @ 2.85,-285.00,1,-285.00,-1.00,-0.13,100,PLTR,PLTR,7/18/25,75.0,PUT,380737235,-286.13,USD
2025-04-25T20:28:16+0300,Trade,Sell to Close,SELL_TO_CLOSE,PFE,Equity,Sold 1 PFE @ 22.99,22.99,1,22.99,0.00,-0.01,,,,,,,380689127,22.98,USD
2025-04-25T20:16:57+0300,Trade,Sell to Close,SELL_TO_CLOSE,NBIS,Equity,Sold 1 NBIS @ 24.42,24.42,1,24.42,0.00,-0.01,,,,,,,380688304,24.41,USD
2025-04-25T20:10:05+0300,Trade,Sell to Close,SELL_TO_CLOSE,NBIS  260116C00030000,Equity Option,Sold 1 NBIS 01/16/26 Call 30.00 @ 5.03,503.00,1,503.00,0.00,-0.15,100,NBIS,NBIS,1/16/26,30.0,CALL,380676083,502.85,USD
2025-04-25T20:10:05+0300,Trade,Buy to Close,BUY_TO_CLOSE,NBIS  260116C00040000,Equity Option,Bought 1 NBIS 01/16/26 Call 40.00 @ 2.78,-278.00,1,-278.00,0.00,-0.13,100,NBIS,NBIS,1/16/26,40.0,CALL,380676083,-278.13,USD
2025-04-25T20:07:27+0300,Trade,Sell to Close,SELL_TO_CLOSE,SOXL  270115C00010000,Equity Option,Sold 1 SOXL 01/15/27 Call 10.00 @ 6.19,619.00,1,619.00,0.00,-0.15,100,SOXL,SOXL,1/15/27,10.0,CALL,380683186,618.85,USD
2025-04-25T20:07:27+0300,Trade,Buy to Close,BUY_TO_CLOSE,SOXL  270115C00030000,Equity Option,Bought 1 SOXL 01/15/27 Call 30.00 @ 2.25,-225.00,1,-225.00,0.00,-0.13,100,SOXL,SOXL,1/15/27,30.0,CALL,380683186,-225.13,USD
2025-04-25T19:48:14+0300,Trade,Sell to Close,SELL_TO_CLOSE,CLSK  250718C00009000,Equity Option,Sold 1 CLSK 07/18/25 Call 9.00 @ 1.69,169.00,1,169.00,0.00,-0.14,100,CLSK,CLSK,7/18/25,9.0,CALL,380673034,168.86,USD
2025-04-25T19:48:14+0300,Trade,Buy to Close,BUY_TO_CLOSE,CLSK  250718C00025000,Equity Option,Bought 1 CLSK 07/18/25 Call 25.00 @ 0.18,-18.00,1,-18.00,0.00,-0.13,100,CLSK,CLSK,7/18/25,25.0,CALL,380673034,-18.13,USD
2025-04-25T18:23:46+0300,Trade,Sell to Close,SELL_TO_CLOSE,XOVR,Equity,Sold 1 XOVR @ 16.28,16.28,1,16.28,0.00,-0.01,,,,,,,380629199,16.27,USD
2025-04-25T18:22:32+0300,Trade,Sell to Close,SELL_TO_CLOSE,XOVR,Equity,Sold 1 XOVR @ 16.27,16.27,1,16.27,0.00,-0.01,,,,,,,380628401,16.26,USD
2025-04-25T18:22:00+0300,Trade,Sell to Close,SELL_TO_CLOSE,XOVR,Equity,Sold 1 XOVR @ 16.26,16.26,1,16.26,0.00,-0.01,,,,,,,380627659,16.25,USD
2025-04-25T18:15:39+0300,Trade,Sell to Close,SELL_TO_CLOSE,BCI,Equity,Sold 1 BCI @ 20.70,20.70,1,20.70,0.00,-0.01,,,,,,,380624499,20.69,USD
2025-04-25T18:14:12+0300,Trade,Sell to Close,SELL_TO_CLOSE,PDBC,Equity,Sold 1 PDBC @ 12.82,12.82,1,12.82,0.00,-0.01,,,,,,,380623614,12.81,USD
2025-04-25T18:13:46+0300,Trade,Sell to Close,SELL_TO_CLOSE,PDBC,Equity,Sold 1 PDBC @ 12.82,12.82,1,12.82,0.00,-0.01,,,,,,,380623189,12.81,USD
2025-04-25T18:11:54+0300,Trade,Sell to Close,SELL_TO_CLOSE,PDBC,Equity,Sold 1 PDBC @ 12.81,12.81,1,12.81,0.00,-0.01,,,,,,,380622290,12.80,USD
2025-04-25T17:44:31+0300,Trade,Sell to Close,SELL_TO_CLOSE,PDBC,Equity,Sold 1 PDBC @ 12.80,12.80,1,12.80,0.00,-0.01,,,,,,,380601976,12.79,USD
2025-04-25T17:37:39+0300,Trade,Sell to Close,SELL_TO_CLOSE,BCI,Equity,Sold 1 BCI @ 20.70,20.70,1,20.70,0.00,-0.01,,,,,,,380600209,20.69,USD
2025-04-25T17:24:21+0300,Trade,Sell to Close,SELL_TO_CLOSE,ARKK,Equity,Sold 1 ARKK @ 50.50,50.50,1,50.50,0.00,-0.01,,,,,,,380587638,50.49,USD
2025-04-25T17:21:57+0300,Trade,Sell to Close,SELL_TO_CLOSE,ROBO,Equity,Sold 1 ROBO @ 50.26,50.26,1,50.26,0.00,-0.01,,,,,,,380586501,50.25,USD
2025-04-25T16:54:11+0300,Trade,Buy to Close,BUY_TO_CLOSE,PLTR  250919C00175000,Equity Option,Bought 1 PLTR 09/19/25 Call 175.00 @ 5.01,-501.00,1,-501.00,0.00,-0.13,100,PLTR,PLTR,9/19/25,175.0,CALL,380557591,-501.13,USD
2025-04-25T16:54:11+0300,Trade,Sell to Close,SELL_TO_CLOSE,PLTR  250919C00160000,Equity Option,Sold 1 PLTR 09/19/25 Call 160.00 @ 6.84,684.00,1,684.00,0.00,-0.15,100,PLTR,PLTR,9/19/25,160.0,CALL,380557591,683.85,USD
2025-04-24T22:41:23+0300,Trade,Sell to Open,SELL_TO_OPEN,PLTR  250919C00175000,Equity Option,Sold 1 PLTR 09/19/25 Call 175.00 @ 4.97,497.00,1,497.00,-1.00,-0.15,100,PLTR,PLTR,9/19/25,175.0,CALL,380476321,495.85,USD
2025-04-24T22:41:23+0300,Trade,Buy to Open,BUY_TO_OPEN,PLTR  250919C00160000,Equity Option,Bought 1 PLTR 09/19/25 Call 160.00 @ 6.76,-676.00,1,-676.00,-1.00,-0.13,100,PLTR,PLTR,9/19/25,160.0,CALL,380476321,-677.13,USD
2025-04-24T21:08:32+0300,Trade,Sell to Open,SELL_TO_OPEN,SPY   250516P00485000,Equity Option,Sold 1 SPY 05/16/25 Put 485.00 @ 1.68,168.00,1,168.00,-1.00,-0.14,100,SPY,SPY,5/16/25,485.0,PUT,380431169,166.86,USD
2025-04-24T21:08:32+0300,Trade,Buy to Open,BUY_TO_OPEN,SPY   250516P00500000,Equity Option,Bought 1 SPY 05/16/25 Put 500.00 @ 2.71,-271.00,1,-271.00,-1.00,-0.13,100,SPY,SPY,5/16/25,500.0,PUT,380431169,-272.13,USD
2025-04-24T21:03:34+0300,Trade,Sell to Open,SELL_TO_OPEN,USO   250516C00075000,Equity Option,Sold 1 USO 05/16/25 Call 75.00 @ 0.63,63.00,1,63.00,-1.00,-0.14,100,USO,USO,5/16/25,75.0,CALL,380428990,61.86,USD
2025-04-24T21:03:34+0300,Trade,Buy to Open,BUY_TO_OPEN,USO   250516C00070000,Equity Option,Bought 1 USO 05/16/25 Call 70.00 @ 2.01,-201.00,1,-201.00,-1.00,-0.13,100,USO,USO,5/16/25,70.0,CALL,380428990,-202.13,USD
2025-04-24T20:15:44+0300,Trade,Sell to Open,SELL_TO_OPEN,SPY   250620P00535000,Equity Option,Sold 1 SPY 06/20/25 Put 535.00 @ 14.95,"1,495.00",1,"1,495.00",-1.00,-0.18,100,SPY,SPY,6/20/25,535.0,PUT,380410933,"1,493.82",USD
2025-04-24T20:15:44+0300,Trade,Buy to Open,BUY_TO_OPEN,SPY   250620P00540000,Equity Option,Bought 1 SPY 06/20/25 Put 540.00 @ 16.66,"-1,666.00",1,"-1,666.00",-1.00,-0.13,100,SPY,SPY,6/20/25,540.0,PUT,380410933,"-1,667.13",USD
2025-04-24T19:40:07+0300,Trade,Sell to Close,SELL_TO_CLOSE,URA,Equity,Sold 1 URA @ 24.46,24.46,1,24.46,0.00,-0.01,,,,,,,380356435,24.45,USD
2025-04-24T18:11:42+0300,Trade,Sell to Open,SELL_TO_OPEN,QQQ   250620P00450000,Equity Option,Sold 1 QQQ 06/20/25 Put 450.00 @ 13.44,"1,344.00",1,"1,344.00",-1.00,-0.17,100,QQQ,QQQ,6/20/25,450.0,PUT,380123258,"1,342.83",USD
2025-04-24T18:11:42+0300,Trade,Buy to Open,BUY_TO_OPEN,QQQ   250620P00455000,Equity Option,Bought 1 QQQ 06/20/25 Put 455.00 @ 15.12,"-1,512.00",1,"-1,512.00",-1.00,-0.13,100,QQQ,QQQ,6/20/25,455.0,PUT,380123258,"-1,513.13",USD
2025-04-23T17:09:52+0300,Trade,Sell to Close,SELL_TO_CLOSE,IWM,Equity,Sold 1 IWM @ 194.84,194.84,1,194.84,0.00,-0.01,,,,,,,380054179,194.83,USD
2025-04-23T16:31:37+0300,Trade,Sell to Close,SELL_TO_CLOSE,ARKG,Equity,Sold 1 ARKG @ 22.62,22.62,1,22.62,0.00,-0.01,,,,,,,377915573,22.61,USD
2025-04-22T20:07:19+0300,Trade,Sell to Close,SELL_TO_CLOSE,PDBC,Equity,Sold 3 PDBC @ 12.89,38.67,3,12.89,0.00,-0.01,,,,,,,379868081,38.66,USD
2025-04-22T19:32:35+0300,Trade,Buy to Open,BUY_TO_OPEN,SPY   250516P00525000,Equity Option,Bought 1 SPY 05/16/25 Put 525.00 @ 12.76,"-1,276.00",1,"-1,276.00",-1.00,-0.13,100,SPY,SPY,5/16/25,525.0,PUT,379852807,"-1,277.13",USD
2025-04-22T19:32:35+0300,Trade,Sell to Open,SELL_TO_OPEN,SPY   250516P00520000,Equity Option,Sold 1 SPY 05/16/25 Put 520.00 @ 10.98,"1,098.00",1,"1,098.00",-1.00,-0.17,100,SPY,SPY,5/16/25,520.0,PUT,379852807,"1,096.83",USD
2025-04-22T18:16:04+0300,Trade,Sell to Close,SELL_TO_CLOSE,FETH,Equity,Sold 1 FETH @ 17.25,17.25,1,17.25,0.00,-0.01,,,,,,,379809656,17.24,USD
2025-04-21T18:48:13+0300,Trade,Buy to Close,BUY_TO_CLOSE,SPY   250516P00515000,Equity Option,Bought 1 SPY 05/16/25 Put 515.00 @ 17.74,"-1,774.00",1,"-1,774.00",0.00,-0.13,100,SPY,SPY,5/16/25,515.0,PUT,379584652,"-1,774.13",USD
2025-04-21T18:48:13+0300,Trade,Sell to Close,SELL_TO_CLOSE,SPY   250516P00520000,Equity Option,Sold 1 SPY 05/16/25 Put 520.00 @ 20.13,"2,013.00",1,"2,013.00",0.00,-0.19,100,SPY,SPY,5/16/25,520.0,PUT,379584652,"2,012.81",USD
2025-04-18T21:38:34+0300,Money Movement,Balance Adjustment,,,,Regulatory fee adjustment,0.00,0,,--,0.00,,,,,,,,0.00,USD
2025-04-17T23:00:00+0300,Receive Deliver,Expiration,SELL_TO_CLOSE,INVZ  250417C00002500,Equity Option,Removal of 1.0 INVZ 04/17/25 Call 2.50 due to expiration.,0.00,1,0.00,--,0.00,100,INVZ,INVZ,4/17/25,2.5,CALL,,0.00,USD
2025-04-17T00:00:00+0300,Money Movement,Debit Interest,,,,FROM 03/16 THRU 04/15 @11    %,-0.57,0,,--,0.00,,,,,,,,-0.57,USD
2025-04-16T16:43:15+0300,Trade,Sell to Close,SELL_TO_CLOSE,INVZ  250417C00002500,Equity Option,Sold 1 INVZ 04/17/25 Call 2.50 @ 0.01,1.00,1,1.00,0.00,-0.14,100,INVZ,INVZ,4/17/25,2.5,CALL,378214232,0.86,USD
2025-04-15T16:34:03+0300,Trade,Buy to Open,BUY_TO_OPEN,AES,Equity,Bought 5 AES @ 10.43,-52.15,5,-10.43,0.00,0.00,,,,,,,378754377,-52.15,USD
2025-04-12T19:32:18+0300,Money Movement,Balance Adjustment,,,,Regulatory fee adjustment,-0.08,0,,--,0.00,,,,,,,,-0.08,USD
2025-04-10T00:00:00+0300,Money Movement,Deposit,,,,Wire Funds Received,500.00,0,,--,0.00,,,,,,,,500.00,USD
2025-04-09T22:47:37+0300,Trade,Buy to Close,BUY_TO_CLOSE,NBIS  250417P00015000,Equity Option,Bought 1 NBIS 04/17/25 Put 15.00 @ 0.13,-13.00,1,-13.00,0.00,-0.13,100,NBIS,NBIS,4/17/25,15.0,PUT,377871225,-13.13,USD
2025-04-08T20:37:49+0300,Trade,Sell to Open,SELL_TO_OPEN,TLT   250516C00095000,Equity Option,Sold 1 TLT 05/16/25 Call 95.00 @ 0.69,69.00,1,69.00,-1.00,-0.14,100,TLT,TLT,5/16/25,95.0,CALL,377372903,67.86,USD
2025-04-08T20:37:49+0300,Trade,Buy to Open,BUY_TO_OPEN,TLT   250516C00090000,Equity Option,Bought 1 TLT 05/16/25 Call 90.00 @ 1.99,-199.00,1,-199.00,-1.00,-0.13,100,TLT,TLT,5/16/25,90.0,CALL,377372903,-200.13,USD
2025-04-08T17:38:10+0300,Trade,Sell to Close,SELL_TO_CLOSE,SGOV,Equity,Sold 1 SGOV @ 100.42,100.42,1,100.42,0.00,-0.01,,,,,,,377309123,100.41,USD
2025-04-08T17:29:20+0300,Trade,Sell to Open,SELL_TO_OPEN,SPY   250516P00515000,Equity Option,Sold 1 SPY 05/16/25 Put 515.00 @ 15.96,"1,596.00",1,"1,596.00",-1.00,-0.18,100,SPY,SPY,5/16/25,515.0,PUT,377302317,"1,594.82",USD
2025-04-08T17:29:20+0300,Trade,Buy to Open,BUY_TO_OPEN,SPY   250516P00520000,Equity Option,Bought 1 SPY 05/16/25 Put 520.00 @ 17.66,"-1,766.00",1,"-1,766.00",-1.00,-0.13,100,SPY,SPY,5/16/25,520.0,PUT,377302317,"-1,767.13",USD
2025-04-08T17:27:00+0300,Trade,Sell to Open,SELL_TO_OPEN,IWM   250516P00180000,Equity Option,Sold 1 IWM 05/16/25 Put 180.00 @ 6.24,624.00,1,624.00,-1.00,-0.15,100,IWM,IWM,5/16/25,180.0,PUT,377299604,622.85,USD
2025-04-08T17:27:00+0300,Trade,Buy to Open,BUY_TO_OPEN,IWM   250516P00184000,Equity Option,Bought 1 IWM 05/16/25 Put 184.00 @ 7.71,-771.00,1,-771.00,-1.00,-0.13,100,IWM,IWM,5/16/25,184.0,PUT,377299604,-772.13,USD
2025-04-08T17:15:14+0300,Trade,Sell to Close,SELL_TO_CLOSE,SGOV,Equity,Sold 2 SGOV @ 100.42,200.84,2,100.42,0.00,-0.01,,,,,,,377290374,200.83,USD
2025-04-08T17:10:26+0300,Trade,Sell to Close,SELL_TO_CLOSE,SGOV,Equity,Sold 1 SGOV @ 100.42,100.42,1,100.42,0.00,-0.01,,,,,,,377285874,100.41,USD
2025-04-08T17:02:55+0300,Trade,Sell to Close,SELL_TO_CLOSE,SGOV,Equity,Sold 1 SGOV @ 100.42,100.42,1,100.42,0.00,-0.01,,,,,,,377277695,100.41,USD
2025-04-08T00:00:00+0300,Money Movement,Deposit,,SGOV,Equity,ISHARES TRUST,0.38,0,,--,0.00,,,,,,,,0.38,USD
2025-04-08T00:00:00+0300,Money Movement,Deposit,,SGOV,Equity,ISHARES TRUST,0.37,0,,--,0.00,,,,,,,,0.37,USD
2025-04-07T21:29:16+0300,Trade,Sell to Open,SELL_TO_OPEN,SOXL  270115C00030000,Equity Option,Sold 1 SOXL 01/15/27 Call 30.00 @ 1.68,168.00,1,168.00,-1.00,-0.14,100,SOXL,SOXL,1/15/27,30.0,CALL,377058266,166.86,USD
2025-04-07T21:29:16+0300,Trade,Buy to Close,BUY_TO_CLOSE,SOXL  270115C00023000,Equity Option,Bought 1 SOXL 01/15/27 Call 23.00 @ 2.11,-211.00,1,-211.00,0.00,-0.13,100,SOXL,SOXL,1/15/27,23.0,CALL,377058266,-211.13,USD
2025-04-07T18:48:54+0300,Trade,Sell to Close,SELL_TO_CLOSE,SGOV,Equity,Sold 1 SGOV @ 100.41,100.41,1,100.41,0.00,-0.01,,,,,,,377060146,100.40,USD
2025-04-07T18:48:21+0300,Trade,Sell to Close,SELL_TO_CLOSE,SGOV,Equity,Sold 2 SGOV @ 100.41,200.82,2,100.41,0.00,-0.01,,,,,,,377059907,200.81,USD
2025-04-07T17:06:16+0300,Trade,Sell to Close,SELL_TO_CLOSE,SGOV,Equity,Sold 2 SGOV @ 100.42,200.83,2,100.41,0.00,-0.01,,,,,,,376960051,200.82,USD
2025-04-07T16:40:49+0300,Trade,Buy to Open,BUY_TO_OPEN,FETH,Equity,Bought 1 FETH @ 14.94,-14.94,1,-14.94,0.00,0.00,,,,,,,376915407,-14.94,USD
2025-04-05T21:04:43+0300,Money Movement,Balance Adjustment,,,,Regulatory fee adjustment,-0.04,0,,--,0.00,,,,,,,,-0.04,USD
2025-04-05T00:00:00+0300,Money Movement,Transfer,,,,Journal to account 5WZ05866,-500.00,0,,--,0.00,,,,,,,,-500.00,USD
2025-04-05T00:00:00+0300,Money Movement,Dividend,,SGOV,Equity,ISHARES TRUST,-0.35,0,,--,0.00,,,,,,,,-0.35,USD
2025-04-05T00:00:00+0300,Money Movement,Dividend,,SGOV,Equity,ISHARES TRUST,3.46,0,,--,0.00,,,,,,,,3.46,USD
2025-04-04T22:59:12+0300,Trade,Buy to Open,BUY_TO_OPEN,BCI,Equity,Bought 1 BCI @ 20.15,-20.15,1,-20.15,0.00,0.00,,,,,,,376766499,-20.15,USD
2025-04-04T22:58:47+0300,Trade,Buy to Open,BUY_TO_OPEN,PDBC,Equity,Bought 3 PDBC @ 12.69,-38.07,3,-12.69,0.00,0.00,,,,,,,376765930,-38.07,USD
2025-04-04T17:41:17+0300,Trade,Buy to Open,BUY_TO_OPEN,PDBC,Equity,Bought 3 PDBC @ 12.56,-37.68,3,-12.56,0.00,0.00,,,,,,,376367687,-37.68,USD
2025-04-04T17:32:58+0300,Trade,Buy to Open,BUY_TO_OPEN,IWM,Equity,Bought 1 IWM @ 178.78,-178.78,1,-178.78,0.00,0.00,,,,,,,376367349,-178.78,USD
2025-04-04T17:24:52+0300,Trade,Sell to Open,SELL_TO_OPEN,SOXL  270115C00023000,Equity Option,Sold 1 SOXL 01/15/27 Call 23.00 @ 1.99,199.00,1,199.00,-1.00,-0.14,100,SOXL,SOXL,1/15/27,23.0,CALL,376495149,197.86,USD
2025-04-04T17:24:52+0300,Trade,Buy to Open,BUY_TO_OPEN,SOXL  270115C00010000,Equity Option,Bought 1 SOXL 01/15/27 Call 10.00 @ 3.97,-397.00,1,-397.00,-1.00,-0.13,100,SOXL,SOXL,1/15/27,10.0,CALL,376495149,-398.13,USD
2025-04-04T17:18:29+0300,Trade,Buy to Open,BUY_TO_OPEN,BCI,Equity,Bought 2 BCI @ 20.15,-40.30,2,-20.15,0.00,0.00,,,,,,,376486894,-40.30,USD
2025-04-04T16:41:51+0300,Trade,Buy to Open,BUY_TO_OPEN,XOVR,Equity,Bought 2 XOVR @ 14.76,-29.52,2,-14.76,0.00,0.00,,,,,,,376373062,-29.52,USD
2025-04-04T16:37:07+0300,Trade,Buy to Open,BUY_TO_OPEN,SGOV,Equity,Bought 1 SGOV @ 100.40,-100.40,1,-100.40,0.00,0.00,,,,,,,376419224,-100.40,USD
2025-04-04T16:36:51+0300,Trade,Sell to Close,SELL_TO_CLOSE,SGOV,Equity,Sold 1 SGOV @ 100.40,100.40,1,100.40,0.00,-0.01,,,,,,,376418546,100.39,USD
2025-04-04T16:30:01+0300,Trade,Buy to Open,BUY_TO_OPEN,PDBC,Equity,Bought 2 PDBC @ 12.66,-25.32,2,-12.66,0.00,0.00,,,,,,,376367556,-25.32,USD
2025-04-04T16:30:00+0300,Trade,Buy to Open,BUY_TO_OPEN,ROBO,Equity,Bought 1 ROBO @ 46.51,-46.51,1,-46.51,0.00,0.00,,,,,,,376363294,-46.51,USD
2025-04-03T22:49:32+0300,Trade,Buy to Open,BUY_TO_OPEN,SGOV,Equity,Bought 1 SGOV @ 100.37,-100.37,1,-100.37,0.00,0.00,,,,,,,376323373,-100.37,USD
2025-04-03T22:44:27+0300,Trade,Sell to Close,SELL_TO_CLOSE,SGOV,Equity,Sold 1 SGOV @ 100.36,100.36,1,100.36,0.00,-0.01,,,,,,,376319496,100.35,USD
2025-04-03T19:39:35+0300,Trade,Buy to Open,BUY_TO_OPEN,BCI,Equity,Bought 2 BCI @ 21.03,-42.06,2,-21.03,0.00,0.00,,,,,,,376229591,-42.06,USD
2025-04-03T18:51:57+0300,Trade,Buy to Open,BUY_TO_OPEN,ARKK,Equity,Bought 1 ARKK @ 45.45,-45.45,1,-45.45,0.00,0.00,,,,,,,376202650,-45.45,USD
2025-04-03T18:50:19+0300,Trade,Buy to Open,BUY_TO_OPEN,XOVR,Equity,Bought 1 XOVR @ 15.50,-15.50,1,-15.50,0.00,0.00,,,,,,,376201682,-15.50,USD
2025-04-03T18:48:29+0300,Trade,Buy to Open,BUY_TO_OPEN,URA,Equity,Bought 1 URA @ 22.56,-22.56,1,-22.56,0.00,0.00,,,,,,,376200658,-22.56,USD
2025-04-03T18:07:52+0300,Trade,Buy to Open,BUY_TO_OPEN,BOTZ,Equity,Bought 1 BOTZ @ 27.28,-27.28,1,-27.28,0.00,0.00,,,,,,,375532304,-27.28,USD
2025-04-03T18:07:04+0300,Trade,Sell to Close,SELL_TO_CLOSE,QQQ   250516P00470000,Equity Option,Sold 1 QQQ 05/16/25 Put 470.00 @ 25.29,"2,529.00",1,"2,529.00",0.00,-0.21,100,QQQ,QQQ,5/16/25,470.0,PUT,376132727,"2,528.79",USD
2025-04-03T18:07:04+0300,Trade,Buy to Close,BUY_TO_CLOSE,QQQ   250516P00465000,Equity Option,Bought 1 QQQ 05/16/25 Put 465.00 @ 22.52,"-2,252.00",1,"-2,252.00",0.00,-0.13,100,QQQ,QQQ,5/16/25,465.0,PUT,376132727,"-2,252.13",USD
2025-04-03T17:49:54+0300,Trade,Buy to Close,BUY_TO_CLOSE,SPY   250516P00555000,Equity Option,Bought 1 SPY 05/16/25 Put 555.00 @ 22.29,"-2,229.00",1,"-2,229.00",0.00,-0.13,100,SPY,SPY,5/16/25,555.0,PUT,376132423,"-2,229.13",USD
2025-04-03T17:49:54+0300,Trade,Sell to Close,SELL_TO_CLOSE,SPY   250516P00560000,Equity Option,Sold 1 SPY 05/16/25 Put 560.00 @ 25.08,"2,508.00",1,"2,508.00",0.00,-0.20,100,SPY,SPY,5/16/25,560.0,PUT,376132423,"2,507.80",USD
2025-04-03T17:40:57+0300,Trade,Buy to Open,BUY_TO_OPEN,BOTZ,Equity,Bought 1 BOTZ @ 27.46,-27.46,1,-27.46,0.00,0.00,,,,,,,375541179,-27.46,USD
2025-04-03T16:43:43+0300,Trade,Buy to Open,BUY_TO_OPEN,ROBO,Equity,Bought 1 ROBO @ 49.86,-49.86,1,-49.86,0.00,0.00,,,,,,,375532349,-49.86,USD
2025-04-03T16:30:02+0300,Trade,Buy to Open,BUY_TO_OPEN,PDBC,Equity,Bought 2 PDBC @ 13.16,-26.32,2,-13.16,0.00,0.00,,,,,,,373957589,-26.32,USD
2025-04-03T16:30:01+0300,Trade,Buy to Open,BUY_TO_OPEN,BOTZ,Equity,Bought 1 BOTZ @ 27.59,-27.59,1,-27.59,0.00,0.00,,,,,,,376049872,-27.59,USD
2025-04-02T18:44:17+0300,Trade,Buy to Open,BUY_TO_OPEN,ARE,Equity,Bought 1 ARE @ 91.69,-91.69,1,-91.69,0.00,0.00,,,,,,,375858783,-91.69,USD
2025-04-01T18:36:21+0300,Trade,Sell to Open,SELL_TO_OPEN,AA    251017C00035000,Equity Option,Sold 1 AA 10/17/25 Call 35.00 @ 2.67,267.00,1,267.00,-1.00,-0.14,100,AA,AA,10/17/25,35.0,CALL,375637153,265.86,USD
2025-04-01T18:36:21+0300,Trade,Buy to Open,BUY_TO_OPEN,AA    251017C00030000,Equity Option,Bought 1 AA 10/17/25 Call 30.00 @ 4.55,-455.00,1,-455.00,-1.00,-0.13,100,AA,AA,10/17/25,30.0,CALL,375637153,-456.13,USD
2025-04-01T18:01:41+0300,Trade,Buy to Open,BUY_TO_OPEN,SPY   250516P00560000,Equity Option,Bought 1 SPY 05/16/25 Put 560.00 @ 13.41,"-1,341.00",1,"-1,341.00",-1.00,-0.13,100,SPY,SPY,5/16/25,560.0,PUT,375615796,"-1,342.13",USD
2025-04-01T18:01:41+0300,Trade,Sell to Open,SELL_TO_OPEN,SPY   250516P00555000,Equity Option,Sold 1 SPY 05/16/25 Put 555.00 @ 11.62,"1,162.00",1,"1,162.00",-1.00,-0.17,100,SPY,SPY,5/16/25,555.0,PUT,375615796,"1,160.83",USD
2025-04-01T17:17:38+0300,Trade,Sell to Open,SELL_TO_OPEN,SNAP  250516C00013000,Equity Option,Sold 1 SNAP 05/16/25 Call 13.00 @ 0.20,20.00,1,20.00,-1.00,-0.14,100,SNAP,SNAP,5/16/25,13.0,CALL,375579777,18.86,USD
2025-04-01T17:17:38+0300,Trade,Buy to Open,BUY_TO_OPEN,SNAP  250516C00009000,Equity Option,Bought 1 SNAP 05/16/25 Call 9.00 @ 0.98,-98.00,1,-98.00,-1.00,-0.13,100,SNAP,SNAP,5/16/25,9.0,CALL,375579777,-99.13,USD
2025-04-01T16:30:48+0300,Trade,Sell to Open,SELL_TO_OPEN,EVLV  260116C00005000,Equity Option,Sold 1 EVLV 01/16/26 Call 5.00 @ 0.53,53.00,1,53.00,-1.00,-0.14,100,EVLV,EVLV,1/16/26,5.0,CALL,375540185,51.86,USD
2025-04-01T16:30:48+0300,Trade,Buy to Open,BUY_TO_OPEN,EVLV  260116C00003000,Equity Option,Bought 1 EVLV 01/16/26 Call 3.00 @ 1.11,-111.00,1,-111.00,-1.00,-0.13,100,EVLV,EVLV,1/16/26,3.0,CALL,375540185,-112.13,USD
2025-03-31T16:42:29+0300,Trade,Buy to Open,BUY_TO_OPEN,ARKG,Equity,Bought 1 ARKG @ 20.16,-20.16,1,-20.16,0.00,0.00,,,,,,,375240806,-20.16,USD
2025-03-31T16:34:48+0300,Trade,Buy to Open,BUY_TO_OPEN,XOVR,Equity,Bought 1 XOVR @ 15.58,-15.58,1,-15.58,0.00,0.00,,,,,,,375242938,-15.58,USD
2025-03-31T16:30:00+0300,Trade,Buy to Open,BUY_TO_OPEN,ARKG,Equity,Bought 1 ARKG @ 20.73,-20.73,1,-20.73,0.00,0.00,,,,,,,375240805,-20.73,USD
2025-03-31T16:30:00+0300,Trade,Buy to Open,BUY_TO_OPEN,URA,Equity,Bought 1 URA @ 22.74,-22.74,1,-22.74,0.00,0.00,,,,,,,375240824,-22.74,USD
2025-03-31T16:30:00+0300,Trade,Buy to Open,BUY_TO_OPEN,ARKG,Equity,Bought 1 ARKG @ 20.80,-20.80,1,-20.80,0.00,0.00,,,,,,,375242971,-20.80,USD
2025-03-31T16:30:00+0300,Trade,Buy to Open,BUY_TO_OPEN,ARKG,Equity,Bought 1 ARKG @ 20.80,-20.80,1,-20.80,0.00,0.00,,,,,,,375240812,-20.80,USD
2025-03-29T20:02:51+0200,Money Movement,Balance Adjustment,,,,Regulatory fee adjustment,-0.06,0,,--,0.00,,,,,,,,-0.06,USD
2025-03-28T21:59:23+0200,Trade,Sell to Open,SELL_TO_OPEN,TGT   250919C00135000,Equity Option,Sold 1 TGT 09/19/25 Call 135.00 @ 1.99,199.00,1,199.00,-1.00,-0.14,100,TGT,TGT,9/19/25,135.0,CALL,375232831,197.86,USD
2025-03-28T21:59:23+0200,Trade,Buy to Open,BUY_TO_OPEN,TGT   250919C00125000,Equity Option,Bought 1 TGT 09/19/25 Call 125.00 @ 3.59,-359.00,1,-359.00,-1.00,-0.13,100,TGT,TGT,9/19/25,125.0,CALL,375232831,-360.13,USD
2025-03-28T19:13:29+0200,Trade,Sell to Close,SELL_TO_CLOSE,SPY   250620P00570000,Equity Option,Sold 1 SPY 06/20/25 Put 570.00 @ 23.60,"2,360.00",1,"2,360.00",0.00,-0.20,100,SPY,SPY,6/20/25,570.0,PUT,375146993,"2,359.80",USD
2025-03-28T19:13:29+0200,Trade,Buy to Close,BUY_TO_CLOSE,SPY   250620P00565000,Equity Option,Bought 1 SPY 06/20/25 Put 565.00 @ 21.26,"-2,126.00",1,"-2,126.00",0.00,-0.13,100,SPY,SPY,6/20/25,565.0,PUT,375146993,"-2,126.13",USD
2025-03-28T19:06:22+0200,Trade,Buy to Open,BUY_TO_OPEN,ROBO,Equity,Bought 1 ROBO @ 52.15,-52.15,1,-52.15,0.00,0.00,,,,,,,375127796,-52.15,USD
2025-03-28T18:20:46+0200,Trade,Buy to Open,BUY_TO_OPEN,ARKK,Equity,Bought 1 ARKK @ 48.58,-48.57,1,-48.57,0.00,0.00,,,,,,,375119022,-48.58,USD
2025-03-28T16:54:08+0200,Trade,Sell to Open,SELL_TO_OPEN,AES   250620C00015000,Equity Option,Sold 1 AES 06/20/25 Call 15.00 @ 0.19,19.00,1,19.00,-1.00,-0.14,100,AES,AES,6/20/25,15.0,CALL,375067854,17.86,USD
2025-03-28T16:54:08+0200,Trade,Buy to Open,BUY_TO_OPEN,AES   250620C00013000,Equity Option,Bought 1 AES 06/20/25 Call 13.00 @ 0.74,-74.00,1,-74.00,-1.00,-0.13,100,AES,AES,6/20/25,13.0,CALL,375067854,-75.13,USD
2025-03-28T16:44:40+0200,Trade,Buy to Close,BUY_TO_CLOSE,SPY   250516P00550000,Equity Option,Bought 1 SPY 05/16/25 Put 550.00 @ 10.18,"-1,018.00",1,"-1,018.00",0.00,-0.13,100,SPY,SPY,5/16/25,550.0,PUT,375060427,"-1,018.13",USD
2025-03-28T16:44:40+0200,Trade,Sell to Close,SELL_TO_CLOSE,SPY   250516P00555000,Equity Option,Sold 1 SPY 05/16/25 Put 555.00 @ 11.77,"1,177.00",1,"1,177.00",0.00,-0.17,100,SPY,SPY,5/16/25,555.0,PUT,375060427,"1,176.83",USD
2025-03-28T16:27:40+0200,Trade,Buy to Open,BUY_TO_OPEN,ARKG,Equity,Bought 1 ARKG @ 21.75,-21.75,1,-21.75,0.00,0.00,,,,,,,374964081,-21.75,USD
2025-03-28T16:00:00+0200,Trade,Buy to Open,BUY_TO_OPEN,ARKG,Equity,Bought 1 ARKG @ 21.95,-21.95,1,-21.95,0.00,0.00,,,,,,,374964049,-21.95,USD
2025-03-27T20:57:55+0200,Trade,Buy to Open,BUY_TO_OPEN,PFE,Equity,Bought 1 PFE @ 24.92,-24.92,1,-24.92,0.00,0.00,,,,,,,374913430,-24.92,USD
2025-03-26T20:45:35+0200,Trade,Buy to Open,BUY_TO_OPEN,CLSK  250718C00009000,Equity Option,Bought 1 CLSK 07/18/25 Call 9.00 @ 1.39,-139.00,1,-139.00,-1.00,-0.13,100,CLSK,CLSK,7/18/25,9.0,CALL,374654086,-140.13,USD
2025-03-26T20:45:35+0200,Trade,Sell to Open,SELL_TO_OPEN,CLSK  250718C00025000,Equity Option,Sold 1 CLSK 07/18/25 Call 25.00 @ 0.18,18.00,1,18.00,-1.00,-0.14,100,CLSK,CLSK,7/18/25,25.0,CALL,374654086,16.86,USD
2025-03-26T15:51:00+0200,Trade,Buy to Open,BUY_TO_OPEN,NBIS,Equity,Bought 1 NBIS @ 25.12,-25.12,1,-25.12,0.00,0.00,,,,,,,374496658,-25.12,USD
2025-03-25T16:03:18+0200,Trade,Buy to Close,BUY_TO_CLOSE,CLSK  250718C00025000,Equity Option,Bought 1 CLSK 07/18/25 Call 25.00 @ 0.21,-21.00,1,-21.00,0.00,-0.13,100,CLSK,CLSK,7/18/25,25.0,CALL,374284116,-21.13,USD
2025-03-25T16:03:18+0200,Trade,Sell to Close,SELL_TO_CLOSE,CLSK  250718C00009000,Equity Option,Sold 1 CLSK 07/18/25 Call 9.00 @ 1.68,168.00,1,168.00,0.00,-0.14,100,CLSK,CLSK,7/18/25,9.0,CALL,374284116,167.86,USD
2025-03-25T15:43:55+0200,Trade,Buy to Close,BUY_TO_CLOSE,SMR,Equity,Bought 1 SMR @ 18.45,-18.45,1,-18.45,0.00,0.00,,,,,,,374238228,-18.45,USD
2025-03-24T17:47:03+0200,Trade,Buy to Open,BUY_TO_OPEN,SPY   250620P00570000,Equity Option,Bought 1 SPY 06/20/25 Put 570.00 @ 14.26,"-1,426.00",1,"-1,426.00",-1.00,-0.13,100,SPY,SPY,6/20/25,570.0,PUT,374095524,"-1,427.13",USD
2025-03-24T17:47:03+0200,Trade,Sell to Open,SELL_TO_OPEN,SPY   250620P00565000,Equity Option,Sold 1 SPY 06/20/25 Put 565.00 @ 12.68,"1,268.00",1,"1,268.00",-1.00,-0.17,100,SPY,SPY,6/20/25,565.0,PUT,374095524,"1,266.83",USD
2025-03-24T16:15:04+0200,Trade,Sell to Open,SELL_TO_OPEN,SMR,Equity,Sold 1 SMR @ 18.75,18.75,1,18.75,0.00,-0.01,,,,,,,374029707,18.74,USD
2025-03-22T20:43:58+0200,Money Movement,Balance Adjustment,,,,Regulatory fee adjustment,0.00,0,,--,0.00,,,,,,,,0.00,USD
2025-03-21T23:00:00+0200,Money Movement,Dividend,,IWM,Equity,ISHARES RUSSELL 2000 ETF,-0.05,0,,--,0.00,,,,,,,,-0.05,USD
2025-03-21T23:00:00+0200,Money Movement,Dividend,,IWM,Equity,ISHARES RUSSELL 2000 ETF,0.46,0,,--,0.00,,,,,,,,0.46,USD
2025-03-21T15:46:29+0200,Trade,Buy to Open,BUY_TO_OPEN,PDBC,Equity,Bought 5 PDBC @ 13.44,-67.22,5,-13.44,0.00,0.00,,,,,,,373715837,-67.23,USD
2025-03-21T15:40:00+0200,Trade,Buy to Open,BUY_TO_OPEN,BCI,Equity,Bought 5 BCI @ 21.20,-106.00,5,-21.20,0.00,0.00,,,,,,,373707770,-106.00,USD
2025-03-21T15:38:04+0200,Trade,Buy to Open,BUY_TO_OPEN,PDBC,Equity,Bought 5 PDBC @ 13.45,-67.24,5,-13.45,0.00,0.00,,,,,,,373705516,-67.25,USD
2025-03-21T15:35:56+0200,Trade,Buy to Close,BUY_TO_CLOSE,SPY   250417P00555000,Equity Option,Bought 1 SPY 04/17/25 Put 555.00 @ 9.39,-939.00,1,-939.00,0.00,-0.13,100,SPY,SPY,4/17/25,555.0,PUT,373702359,-939.13,USD
2025-03-21T15:35:56+0200,Trade,Sell to Close,SELL_TO_CLOSE,SPY   250417P00560000,Equity Option,Sold 1 SPY 04/17/25 Put 560.00 @ 11.34,"1,134.00",1,"1,134.00",0.00,-0.17,100,SPY,SPY,4/17/25,560.0,PUT,373702359,"1,133.83",USD
2025-03-21T15:34:07+0200,Trade,Buy to Open,BUY_TO_OPEN,XOVR,Equity,Bought 5 XOVR @ 16.36,-81.80,5,-16.36,0.00,0.00,,,,,,,373699353,-81.80,USD
2025-03-21T15:31:10+0200,Trade,Sell to Close,SELL_TO_CLOSE,EDR   250321P00025000,Equity Option,Sold 1 EDR 03/21/25 Put 25.00 @ 0.01,1.00,1,1.00,0.00,-0.14,100,EDR,EDR,3/21/25,25.0,PUT,373680022,0.86,USD
2025-03-21T15:30:00+0200,Trade,Buy to Open,BUY_TO_OPEN,XOVR,Equity,Bought 10 XOVR @ 16.39,-163.90,10,-16.39,0.00,-0.01,,,,,,,373690811,-163.91,USD
2025-03-19T16:33:32+0200,Trade,Buy to Close,BUY_TO_CLOSE,YOU   250516C00035730,Equity Option,Bought 1 YOU 05/16/25 Call 35.73 @ 0.25,-25.00,1,-25.00,0.00,-0.13,100,YOU,YOU,5/16/25,35.73,CALL,372722393,-25.13,USD
2025-03-19T16:33:32+0200,Trade,Sell to Close,SELL_TO_CLOSE,YOU   250516C00027730,Equity Option,Sold 1 YOU 05/16/25 Call 27.73 @ 2.01,201.00,1,201.00,0.00,-0.14,100,YOU,YOU,5/16/25,27.73,CALL,372722393,200.86,USD
2025-03-18T19:02:37+0200,Trade,Buy to Open,BUY_TO_OPEN,FETH,Equity,Bought 1 FETH @ 18.85,-18.85,1,-18.85,0.00,0.00,,,,,,,373109659,-18.85,USD
2025-03-18T18:44:11+0200,Trade,Sell to Close,SELL_TO_CLOSE,QQQ   250417P00475000,Equity Option,Sold 1 QQQ 04/17/25 Put 475.00 @ 13.33,"1,333.00",1,"1,333.00",0.00,-0.17,100,QQQ,QQQ,4/17/25,475.0,PUT,373094902,"1,332.83",USD
2025-03-18T18:44:11+0200,Trade,Buy to Close,BUY_TO_CLOSE,QQQ   250417P00470000,Equity Option,Bought 1 QQQ 04/17/25 Put 470.00 @ 11.29,"-1,129.00",1,"-1,129.00",0.00,-0.13,100,QQQ,QQQ,4/17/25,470.0,PUT,373094902,"-1,129.13",USD
2025-03-17T23:00:00+0200,Money Movement,Credit Interest,,,,INTEREST ON CREDIT BALANCE,0.01,0,,--,0.00,,,,,,,,0.01,USD
2025-03-17T21:57:23+0200,Trade,Buy to Close,BUY_TO_CLOSE,NBIS  250321P00020000,Equity Option,Bought 1 NBIS 03/21/25 Put 20.00 @ 0.05,-5.00,1,-5.00,0.00,-0.13,100,NBIS,NBIS,3/21/25,20.0,PUT,372951311,-5.13,USD
2025-03-17T15:42:02+0200,Trade,Buy to Close,BUY_TO_CLOSE,KTOS  250321P00020000,Equity Option,Bought 1 KTOS 03/21/25 Put 20.00 @ 0.04,-4.00,1,-4.00,0.00,-0.13,100,KTOS,KTOS,3/21/25,20.0,PUT,372440685,-4.13,USD
2025-03-15T17:35:54+0200,Money Movement,Balance Adjustment,,,,Regulatory fee adjustment,-0.10,0,,--,0.00,,,,,,,,-0.10,USD
2025-03-14T21:54:40+0200,Trade,Buy to Open,BUY_TO_OPEN,QQQ   250417P00475000,Equity Option,Bought 1 QQQ 04/17/25 Put 475.00 @ 11.47,"-1,147.00",1,"-1,147.00",-1.00,-0.13,100,QQQ,QQQ,4/17/25,475.0,PUT,372643412,"-1,148.13",USD
2025-03-14T21:54:40+0200,Trade,Sell to Open,SELL_TO_OPEN,QQQ   250417P00470000,Equity Option,Sold 1 QQQ 04/17/25 Put 470.00 @ 9.71,971.00,1,971.00,-1.00,-0.16,100,QQQ,QQQ,4/17/25,470.0,PUT,372643412,969.84,USD
2025-03-14T19:01:30+0200,Trade,Sell to Open,SELL_TO_OPEN,SPY   250417P00555000,Equity Option,Sold 1 SPY 04/17/25 Put 555.00 @ 10.07,"1,007.00",1,"1,007.00",-1.00,-0.16,100,SPY,SPY,4/17/25,555.0,PUT,372598238,"1,005.84",USD
2025-03-14T19:01:30+0200,Trade,Buy to Open,BUY_TO_OPEN,SPY   250417P00560000,Equity Option,Bought 1 SPY 04/17/25 Put 560.00 @ 11.89,"-1,189.00",1,"-1,189.00",-1.00,-0.13,100,SPY,SPY,4/17/25,560.0,PUT,372598238,"-1,190.13",USD
2025-03-14T16:18:54+0200,Trade,Buy to Close,BUY_TO_CLOSE,YOU,Equity,Bought 1 YOU @ 25.00,-25.00,1,-25.00,0.00,0.00,,,,,,,372498882,-25.00,USD
2025-03-14T16:13:05+0200,Trade,Sell to Open,SELL_TO_OPEN,YOU,Equity,Sold 1 YOU @ 25.07,25.07,1,25.07,0.00,-0.01,,,,,,,372496199,25.06,USD
2025-03-14T15:52:40+0200,Trade,Buy to Close,BUY_TO_CLOSE,SOUN  250718C00015000,Equity Option,Bought 1 SOUN 07/18/25 Call 15.00 @ 1.25,-125.00,1,-125.00,0.00,-0.13,100,SOUN,SOUN,7/18/25,15.0,CALL,372473784,-125.13,USD
2025-03-14T15:52:40+0200,Trade,Sell to Close,SELL_TO_CLOSE,SOUN  250718C00008000,Equity Option,Sold 1 SOUN 07/18/25 Call 8.00 @ 3.25,325.00,1,325.00,0.00,-0.14,100,SOUN,SOUN,7/18/25,8.0,CALL,372473784,324.86,USD
2025-03-14T15:45:00+0200,Trade,Sell to Open,SELL_TO_OPEN,SPY   250516P00550000,Equity Option,Sold 1 SPY 05/16/25 Put 550.00 @ 13.76,"1,376.00",1,"1,376.00",-1.00,-0.17,100,SPY,SPY,5/16/25,550.0,PUT,372462582,"1,374.83",USD
2025-03-14T15:45:00+0200,Trade,Buy to Open,BUY_TO_OPEN,SPY   250516P00555000,Equity Option,Bought 1 SPY 05/16/25 Put 555.00 @ 15.53,"-1,553.00",1,"-1,553.00",-1.00,-0.13,100,SPY,SPY,5/16/25,555.0,PUT,372462582,"-1,554.13",USD
2025-03-14T15:43:40+0200,Trade,Sell to Open,SELL_TO_OPEN,QQQ   250516P00465000,Equity Option,Sold 1 QQQ 05/16/25 Put 465.00 @ 14.05,"1,405.00",1,"1,405.00",-1.00,-0.17,100,QQQ,QQQ,5/16/25,465.0,PUT,372462860,"1,403.83",USD
2025-03-14T15:43:40+0200,Trade,Buy to Open,BUY_TO_OPEN,QQQ   250516P00470000,Equity Option,Bought 1 QQQ 05/16/25 Put 470.00 @ 15.82,"-1,582.00",1,"-1,582.00",-1.00,-0.13,100,QQQ,QQQ,5/16/25,470.0,PUT,372462860,"-1,583.13",USD
2025-03-14T15:31:49+0200,Trade,Buy to Close,BUY_TO_CLOSE,SMR   250321P00010000,Equity Option,Bought 1 SMR 03/21/25 Put 10.00 @ 0.04,-4.00,1,-4.00,0.00,-0.13,100,SMR,SMR,3/21/25,10.0,PUT,372440518,-4.13,USD
2025-03-12T19:48:42+0200,Trade,Sell to Open,SELL_TO_OPEN,NBIS  250417P00015000,Equity Option,Sold 1 NBIS 04/17/25 Put 15.00 @ 0.15,15.00,1,15.00,-1.00,-0.14,100,NBIS,NBIS,4/17/25,15.0,PUT,372090471,13.86,USD
2025-03-12T18:39:46+0200,Trade,Buy to Close,BUY_TO_CLOSE,AA    250516C00045000,Equity Option,Bought 1 AA 05/16/25 Call 45.00 @ 0.32,-32.00,1,-32.00,0.00,-0.13,100,AA,AA,5/16/25,45.0,CALL,372060995,-32.13,USD
2025-03-12T18:39:46+0200,Trade,Sell to Close,SELL_TO_CLOSE,AA    250516C00035000,Equity Option,Sold 1 AA 05/16/25 Call 35.00 @ 2.22,222.00,1,222.00,0.00,-0.14,100,AA,AA,5/16/25,35.0,CALL,372060995,221.86,USD
2025-03-12T15:40:38+0200,Trade,Sell to Close,SELL_TO_CLOSE,QQQ   250516C00500000,Equity Option,Sold 1 QQQ 05/16/25 Call 500.00 @ 12.39,"1,239.00",1,"1,239.00",0.00,-0.17,100,QQQ,QQQ,5/16/25,500.0,CALL,371939452,"1,238.83",USD
2025-03-12T15:40:38+0200,Trade,Buy to Close,BUY_TO_CLOSE,QQQ   250516C00505000,Equity Option,Bought 1 QQQ 05/16/25 Call 505.00 @ 10.35,"-1,035.00",1,"-1,035.00",0.00,-0.13,100,QQQ,QQQ,5/16/25,505.0,CALL,371939452,"-1,035.13",USD
2025-03-10T20:55:44+0200,Trade,Buy to Open,BUY_TO_OPEN,FETH,Equity,Bought 1 FETH @ 18.41,-18.41,1,-18.41,0.00,0.00,,,,,,,370949965,-18.41,USD
2025-03-10T20:54:44+0200,Trade,Sell to Close,SELL_TO_CLOSE,SPY   250417P00570000,Equity Option,Sold 1 SPY 04/17/25 Put 570.00 @ 21.55,"2,155.00",1,"2,155.00",0.00,-0.19,100,SPY,SPY,4/17/25,570.0,PUT,371525544,"2,154.81",USD
2025-03-10T20:54:44+0200,Trade,Buy to Close,BUY_TO_CLOSE,SPY   250417P00565000,Equity Option,Bought 1 SPY 04/17/25 Put 565.00 @ 19.05,"-1,905.00",1,"-1,905.00",0.00,-0.13,100,SPY,SPY,4/17/25,565.0,PUT,371525544,"-1,905.13",USD
2025-03-10T20:41:48+0200,Trade,Sell to Open,SELL_TO_OPEN,QQQ   250516C00505000,Equity Option,Sold 1 QQQ 05/16/25 Call 505.00 @ 8.07,807.00,1,807.00,-1.00,-0.16,100,QQQ,QQQ,5/16/25,505.0,CALL,371526245,805.84,USD
2025-03-10T20:41:48+0200,Trade,Buy to Open,BUY_TO_OPEN,QQQ   250516C00500000,Equity Option,Bought 1 QQQ 05/16/25 Call 500.00 @ 9.82,-982.00,1,-982.00,-1.00,-0.13,100,QQQ,QQQ,5/16/25,500.0,CALL,371526245,-983.13,USD
2025-03-10T20:28:52+0200,Trade,Buy to Open,BUY_TO_OPEN,IWM,Equity,Bought 1 IWM @ 199.98,-199.98,1,-199.98,0.00,0.00,,,,,,,371523035,-199.98,USD
2025-03-10T20:00:54+0200,Trade,Buy to Open,BUY_TO_OPEN,URA,Equity,Bought 1 URA @ 22.90,-22.90,1,-22.90,0.00,0.00,,,,,,,371264078,-22.90,USD
2025-03-10T19:28:44+0200,Trade,Sell to Open,SELL_TO_OPEN,AA    250516C00045000,Equity Option,Sold 1 AA 05/16/25 Call 45.00 @ 0.22,22.00,1,22.00,-1.00,-0.14,100,AA,AA,5/16/25,45.0,CALL,371486050,20.86,USD
2025-03-10T19:28:44+0200,Trade,Buy to Open,BUY_TO_OPEN,AA    250516C00035000,Equity Option,Bought 1 AA 05/16/25 Call 35.00 @ 1.57,-157.00,1,-157.00,-1.00,-0.13,100,AA,AA,5/16/25,35.0,CALL,371486050,-158.13,USD
2025-03-10T19:11:33+0200,Trade,Sell to Close,SELL_TO_CLOSE,QQQ   250417P00485000,Equity Option,Sold 1 QQQ 04/17/25 Put 485.00 @ 22.02,"2,202.00",1,"2,202.00",0.00,-0.20,100,QQQ,QQQ,4/17/25,485.0,PUT,371458519,"2,201.80",USD
2025-03-10T19:11:33+0200,Trade,Buy to Close,BUY_TO_CLOSE,QQQ   250417P00480000,Equity Option,Bought 1 QQQ 04/17/25 Put 480.00 @ 19.47,"-1,947.00",1,"-1,947.00",0.00,-0.13,100,QQQ,QQQ,4/17/25,480.0,PUT,371458519,"-1,947.13",USD
2025-03-10T16:51:22+0200,Trade,Sell to Close,SELL_TO_CLOSE,QQQ   250417P00485000,Equity Option,Sold 1 QQQ 04/17/25 Put 485.00 @ 20.46,"2,046.00",1,"2,046.00",0.00,-0.19,100,QQQ,QQQ,4/17/25,485.0,PUT,371266205,"2,045.81",USD
2025-03-10T16:51:22+0200,Trade,Buy to Close,BUY_TO_CLOSE,QQQ   250417P00480000,Equity Option,Bought 1 QQQ 04/17/25 Put 480.00 @ 18.07,"-1,807.00",1,"-1,807.00",0.00,-0.13,100,QQQ,QQQ,4/17/25,480.0,PUT,371266205,"-1,807.13",USD
2025-03-10T12:30:04+0200,Receive Deliver,Special Dividend,SELL_TO_OPEN,YOU   250516C00035730,Equity Option,Special dividend: Open 1.0 YOU   250516C00035730,130.00,1,130.00,--,0.00,100,YOU,YOU,5/16/25,35.73,CALL,,130.00,USD
2025-03-10T12:30:04+0200,Receive Deliver,Special Dividend,BUY_TO_CLOSE,YOU   250516C00036000,Equity Option,Special dividend: Close 1.0 YOU   250516C00036000,-130.00,1,-130.00,--,0.00,100,YOU,YOU,5/16/25,36.0,CALL,,-130.00,USD
2025-03-10T12:30:03+0200,Receive Deliver,Special Dividend,BUY_TO_OPEN,YOU   250516C00027730,Equity Option,Special dividend: Open 1.0 YOU   250516C00027730,-350.00,1,-350.00,--,0.00,100,YOU,YOU,5/16/25,27.73,CALL,,-350.00,USD
2025-03-10T12:30:03+0200,Receive Deliver,Special Dividend,SELL_TO_CLOSE,YOU   250516C00028000,Equity Option,Special dividend: Close 1.0 YOU   250516C00028000,350.00,1,350.00,--,0.00,100,YOU,YOU,5/16/25,28.0,CALL,,350.00,USD
2025-03-08T21:52:57+0200,Money Movement,Balance Adjustment,,,,Regulatory fee adjustment,-0.12,0,,--,0.00,,,,,,,,-0.12,USD
2025-03-07T21:01:30+0200,Trade,Buy to Open,BUY_TO_OPEN,QQQ   250417P00485000,Equity Option,Bought 1 QQQ 04/17/25 Put 485.00 @ 13.22,"-1,322.00",1,"-1,322.00",-1.00,-0.13,100,QQQ,QQQ,4/17/25,485.0,PUT,371167351,"-1,323.13",USD
2025-03-07T21:01:30+0200,Trade,Sell to Open,SELL_TO_OPEN,QQQ   250417P00480000,Equity Option,Sold 1 QQQ 04/17/25 Put 480.00 @ 11.50,"1,150.00",1,"1,150.00",-1.00,-0.17,100,QQQ,QQQ,4/17/25,480.0,PUT,371167351,"1,148.83",USD
2025-03-07T20:05:08+0200,Trade,Buy to Open,BUY_TO_OPEN,SPY   250417P00570000,Equity Option,Bought 1 SPY 04/17/25 Put 570.00 @ 13.56,"-1,356.00",1,"-1,356.00",-1.00,-0.13,100,SPY,SPY,4/17/25,570.0,PUT,371134975,"-1,357.13",USD
2025-03-07T20:05:08+0200,Trade,Sell to Open,SELL_TO_OPEN,SPY   250417P00565000,Equity Option,Sold 1 SPY 04/17/25 Put 565.00 @ 11.80,"1,180.00",1,"1,180.00",-1.00,-0.17,100,SPY,SPY,4/17/25,565.0,PUT,371134975,"1,178.83",USD
2025-03-07T18:42:35+0200,Trade,Sell to Open,SELL_TO_OPEN,SOUN  250718C00015000,Equity Option,Sold 1 SOUN 07/18/25 Call 15.00 @ 1.03,103.00,1,103.00,-1.00,-0.14,100,SOUN,SOUN,7/18/25,15.0,CALL,371098966,101.86,USD
2025-03-07T18:42:35+0200,Trade,Buy to Open,BUY_TO_OPEN,SOUN  250718C00008000,Equity Option,Bought 1 SOUN 07/18/25 Call 8.00 @ 2.67,-267.00,1,-267.00,-1.00,-0.13,100,SOUN,SOUN,7/18/25,8.0,CALL,371098966,-268.13,USD
2025-03-07T17:32:07+0200,Trade,Buy to Close,BUY_TO_CLOSE,SPY   250417P00575000,Equity Option,Bought 1 SPY 04/17/25 Put 575.00 @ 17.08,"-1,708.00",1,"-1,708.00",0.00,-0.13,100,SPY,SPY,4/17/25,575.0,PUT,371018993,"-1,708.13",USD
2025-03-07T17:32:07+0200,Trade,Sell to Close,SELL_TO_CLOSE,SPY   250417P00580000,Equity Option,Sold 1 SPY 04/17/25 Put 580.00 @ 19.49,"1,949.00",1,"1,949.00",0.00,-0.19,100,SPY,SPY,4/17/25,580.0,PUT,371018993,"1,948.81",USD
2025-03-07T16:40:35+0200,Trade,Buy to Open,BUY_TO_OPEN,QQQ   250417P00485000,Equity Option,Bought 1 QQQ 04/17/25 Put 485.00 @ 13.86,"-1,386.00",1,"-1,386.00",-1.00,-0.13,100,QQQ,QQQ,4/17/25,485.0,PUT,370993975,"-1,387.13",USD
2025-03-07T16:40:35+0200,Trade,Sell to Open,SELL_TO_OPEN,QQQ   250417P00480000,Equity Option,Sold 1 QQQ 04/17/25 Put 480.00 @ 12.09,"1,209.00",1,"1,209.00",-1.00,-0.17,100,QQQ,QQQ,4/17/25,480.0,PUT,370993975,"1,207.83",USD
2025-03-07T00:00:00+0200,Money Movement,Dividend,,SGOV,Equity,ISHARES TRUST,-0.31,0,,--,0.00,,,,,,,,-0.31,USD
2025-03-07T00:00:00+0200,Money Movement,Dividend,,SGOV,Equity,ISHARES TRUST,3.13,0,,--,0.00,,,,,,,,3.13,USD
2025-03-06T17:20:21+0200,Trade,Buy to Close,BUY_TO_CLOSE,AA    250516C00045000,Equity Option,Bought 1 AA 05/16/25 Call 45.00 @ 0.43,-43.00,1,-43.00,0.00,-0.13,100,AA,AA,5/16/25,45.0,CALL,370684612,-43.13,USD
2025-03-06T17:20:21+0200,Trade,Sell to Close,SELL_TO_CLOSE,AA    250516C00035000,Equity Option,Sold 1 AA 05/16/25 Call 35.00 @ 2.55,255.00,1,255.00,0.00,-0.14,100,AA,AA,5/16/25,35.0,CALL,370684612,254.86,USD
2025-03-05T22:28:48+0200,Trade,Sell to Close,SELL_TO_CLOSE,SPY   250417C00585000,Equity Option,Sold 1 SPY 04/17/25 Call 585.00 @ 14.52,"1,452.00",1,"1,452.00",0.00,-0.18,100,SPY,SPY,4/17/25,585.0,CALL,370643893,"1,451.82",USD
2025-03-05T22:28:48+0200,Trade,Buy to Close,BUY_TO_CLOSE,SPY   250417C00590000,Equity Option,Bought 1 SPY 04/17/25 Call 590.00 @ 11.60,"-1,160.00",1,"-1,160.00",0.00,-0.13,100,SPY,SPY,4/17/25,590.0,CALL,370643893,"-1,160.13",USD
2025-03-04T22:50:12+0200,Trade,Sell to Open,SELL_TO_OPEN,SPY   250417C00590000,Equity Option,Sold 1 SPY 04/17/25 Call 590.00 @ 9.10,910.00,1,910.00,-1.00,-0.16,100,SPY,SPY,4/17/25,590.0,CALL,370385439,908.84,USD
2025-03-04T22:50:12+0200,Trade,Buy to Open,BUY_TO_OPEN,SPY   250417C00585000,Equity Option,Bought 1 SPY 04/17/25 Call 585.00 @ 11.66,"-1,166.00",1,"-1,166.00",-1.00,-0.13,100,SPY,SPY,4/17/25,585.0,CALL,370385439,"-1,167.13",USD
2025-03-04T21:46:26+0200,Trade,Buy to Open,BUY_TO_OPEN,SPY   250417P00580000,Equity Option,Bought 1 SPY 04/17/25 Put 580.00 @ 12.68,"-1,268.00",1,"-1,268.00",-1.00,-0.13,100,SPY,SPY,4/17/25,580.0,PUT,370344019,"-1,269.13",USD
2025-03-04T21:46:26+0200,Trade,Sell to Open,SELL_TO_OPEN,SPY   250417P00575000,Equity Option,Sold 1 SPY 04/17/25 Put 575.00 @ 10.97,"1,097.00",1,"1,097.00",-1.00,-0.17,100,SPY,SPY,4/17/25,575.0,PUT,370344019,"1,095.83",USD
2025-03-04T20:46:47+0200,Trade,Sell to Open,SELL_TO_OPEN,AA    250516C00045000,Equity Option,Sold 1 AA 05/16/25 Call 45.00 @ 0.22,22.00,1,22.00,-1.00,-0.14,100,AA,AA,5/16/25,45.0,CALL,370311838,20.86,USD
2025-03-04T20:46:47+0200,Trade,Buy to Open,BUY_TO_OPEN,AA    250516C00035000,Equity Option,Bought 1 AA 05/16/25 Call 35.00 @ 1.61,-161.00,1,-161.00,-1.00,-0.13,100,AA,AA,5/16/25,35.0,CALL,370311838,-162.13,USD
2025-03-04T19:41:44+0200,Trade,Buy to Open,BUY_TO_OPEN,URA,Equity,Bought 1 URA @ 23.85,-23.85,1,-23.85,0.00,0.00,,,,,,,370279120,-23.85,USD
2025-03-04T19:40:57+0200,Trade,Buy to Open,BUY_TO_OPEN,URA,Equity,Bought 1 URA @ 23.90,-23.90,1,-23.90,0.00,0.00,,,,,,,370278993,-23.90,USD
2025-03-04T19:39:15+0200,Trade,Buy to Open,BUY_TO_OPEN,URA,Equity,Bought 1 URA @ 23.95,-23.95,1,-23.95,0.00,0.00,,,,,,,370279302,-23.95,USD
2025-03-04T18:25:19+0200,Trade,Sell to Open,SELL_TO_OPEN,NBIS  260116C00040000,Equity Option,Sold 1 NBIS 01/16/26 Call 40.00 @ 5.93,593.00,1,593.00,-1.00,-0.15,100,NBIS,NBIS,1/16/26,40.0,CALL,370237562,591.85,USD
2025-03-04T18:25:19+0200,Trade,Buy to Open,BUY_TO_OPEN,NBIS  260116C00030000,Equity Option,Bought 1 NBIS 01/16/26 Call 30.00 @ 8.43,-843.00,1,-843.00,-1.00,-0.13,100,NBIS,NBIS,1/16/26,30.0,CALL,370237562,-844.13,USD
2025-03-04T18:23:48+0200,Trade,Sell to Open,SELL_TO_OPEN,IREN  260116C00015000,Equity Option,Sold 1 IREN 01/16/26 Call 15.00 @ 0.90,90.00,1,90.00,-1.00,-0.14,100,IREN,IREN,1/16/26,15.0,CALL,370236679,88.86,USD
2025-03-04T18:23:48+0200,Trade,Buy to Open,BUY_TO_OPEN,IREN  260116C00007500,Equity Option,Bought 1 IREN 01/16/26 Call 7.50 @ 2.28,-228.00,1,-228.00,-1.00,-0.13,100,IREN,IREN,1/16/26,7.5,CALL,370236679,-229.13,USD
2025-03-04T18:10:37+0200,Trade,Sell to Close,SELL_TO_CLOSE,SPY   250417P00590000,Equity Option,Sold 1 SPY 04/17/25 Put 590.00 @ 23.70,"2,370.00",1,"2,370.00",0.00,-0.20,100,SPY,SPY,4/17/25,590.0,PUT,370218025,"2,369.80",USD
2025-03-04T18:10:37+0200,Trade,Buy to Close,BUY_TO_CLOSE,SPY   250417P00585000,Equity Option,Bought 1 SPY 04/17/25 Put 585.00 @ 20.90,"-2,090.00",1,"-2,090.00",0.00,-0.13,100,SPY,SPY,4/17/25,585.0,PUT,370218025,"-2,090.13",USD
2025-03-04T18:08:12+0200,Trade,Buy to Open,BUY_TO_OPEN,FETH,Equity,Bought 1 FETH @ 20.55,-20.55,1,-20.55,0.00,0.00,,,,,,,370219203,-20.55,USD
2025-03-04T17:21:13+0200,Trade,Buy to Open,BUY_TO_OPEN,FETH,Equity,Bought 1 FETH @ 20.37,-20.37,1,-20.37,0.00,0.00,,,,,,,370053237,-20.37,USD
2025-03-03T22:42:47+0200,Trade,Buy to Open,BUY_TO_OPEN,FETH,Equity,Bought 1 FETH @ 20.98,-20.97,1,-20.97,0.00,0.00,,,,,,,370049978,-20.98,USD
2025-03-03T22:31:43+0200,Trade,Sell to Close,SELL_TO_CLOSE,AAPL  250404C00260000,Equity Option,Sold 1 AAPL 04/04/25 Call 260.00 @ 0.90,90.00,1,90.00,0.00,-0.14,100,AAPL,AAPL,4/04/25,260.0,CALL,370006348,89.86,USD
2025-03-03T22:06:49+0200,Trade,Sell to Open,SELL_TO_OPEN,GERN  260116C00003000,Equity Option,Sold 2 GERN 01/16/26 Call 3.00 @ 0.28,56.00,2,28.00,-2.00,-0.28,100,GERN,GERN,1/16/26,3.0,CALL,370017698,53.72,USD
2025-03-03T22:06:49+0200,Trade,Buy to Open,BUY_TO_OPEN,GERN  260116C00001500,Equity Option,Bought 2 GERN 01/16/26 Call 1.50 @ 0.73,-146.00,2,-73.00,-2.00,-0.26,100,GERN,GERN,1/16/26,1.5,CALL,370017698,-148.26,USD
2025-03-03T21:59:02+0200,Trade,Sell to Open,SELL_TO_OPEN,CLSK  250718C00025000,Equity Option,Sold 1 CLSK 07/18/25 Call 25.00 @ 0.39,39.00,1,39.00,-1.00,-0.14,100,CLSK,CLSK,7/18/25,25.0,CALL,369913644,37.86,USD
2025-03-03T21:59:02+0200,Trade,Buy to Open,BUY_TO_OPEN,CLSK  250718C00009000,Equity Option,Bought 1 CLSK 07/18/25 Call 9.00 @ 1.59,-159.00,1,-159.00,-1.00,-0.13,100,CLSK,CLSK,7/18/25,9.0,CALL,369913644,-160.13,USD
2025-03-03T21:54:21+0200,Trade,Sell to Open,SELL_TO_OPEN,SMR   250321P00010000,Equity Option,Sold 1 SMR 03/21/25 Put 10.00 @ 0.15,15.00,1,15.00,-1.00,-0.14,100,SMR,SMR,3/21/25,10.0,PUT,369986869,13.86,USD
2025-03-03T21:51:28+0200,Trade,Buy to Open,BUY_TO_OPEN,AAPL  250404C00260000,Equity Option,Bought 1 AAPL 04/04/25 Call 260.00 @ 1.15,-115.00,1,-115.00,-1.00,-0.13,100,AAPL,AAPL,4/04/25,260.0,CALL,369994972,-116.13,USD
2025-03-03T17:01:36+0200,Trade,Buy to Open,BUY_TO_OPEN,SGOV,Equity,Bought 3 SGOV @ 100.35,-301.06,3,-100.35,0.00,0.00,,,,,,,369848849,-301.06,USD
2025-03-03T16:59:06+0200,Trade,Sell to Close,SELL_TO_CLOSE,SGOV,Equity,Sold 3 SGOV @ 100.35,301.06,3,100.35,0.00,-0.01,,,,,,,369845572,301.04,USD
2025-03-03T16:31:34+0200,Trade,Sell to Open,SELL_TO_OPEN,SPY   250417P00585000,Equity Option,Sold 1 SPY 04/17/25 Put 585.00 @ 8.67,867.00,1,867.00,-1.00,-0.16,100,SPY,SPY,4/17/25,585.0,PUT,369800126,865.84,USD
2025-03-03T16:31:34+0200,Trade,Buy to Open,BUY_TO_OPEN,SPY   250417P00590000,Equity Option,Bought 1 SPY 04/17/25 Put 590.00 @ 10.14,"-1,014.00",1,"-1,014.00",-1.00,-0.13,100,SPY,SPY,4/17/25,590.0,PUT,369800126,"-1,015.13",USD
2025-03-01T21:49:36+0200,Money Movement,Balance Adjustment,,,,Regulatory fee adjustment,0.04,0,,--,0.00,,,,,,,,0.04,USD
2025-02-28T16:31:55+0200,Trade,Buy to Open,BUY_TO_OPEN,FETH,Equity,Bought 1 FETH @ 21.45,-21.45,1,-21.45,0.00,0.00,,,,,,,368607924,-21.45,USD
2025-02-26T20:40:01+0200,Trade,Buy to Open,BUY_TO_OPEN,FETH,Equity,Bought 1 FETH @ 22.65,-22.65,1,-22.65,0.00,0.00,,,,,,,368169570,-22.65,USD
2025-02-25T17:44:21+0200,Trade,Buy to Close,BUY_TO_CLOSE,XSP   250516P00580000,Equity Option,Bought 1 XSP 05/16/25 Put 580.00 @ 11.05,"-1,105.00",1,"-1,105.00",0.00,-0.13,100,XSP,XSP,5/16/25,580.0,PUT,368709965,"-1,105.13",USD
2025-02-25T17:44:21+0200,Trade,Sell to Close,SELL_TO_CLOSE,XSP   250516P00590000,Equity Option,Sold 1 XSP 05/16/25 Put 590.00 @ 13.75,"1,375.00",1,"1,375.00",0.00,-0.17,100,XSP,XSP,5/16/25,590.0,PUT,368709965,"1,374.83",USD
2025-02-22T20:13:34+0200,Money Movement,Balance Adjustment,,,,Regulatory fee adjustment,-0.01,0,,--,0.00,,,,,,,,-0.01,USD
2025-02-21T23:00:00+0200,Receive Deliver,Expiration,SELL_TO_CLOSE,KTOS  250221C00027500,Equity Option,Removal of 2.0 KTOS 02/21/25 Call 27.50 due to expiration.,0.00,2,0.00,--,0.00,100,KTOS,KTOS,2/21/25,27.5,CALL,,0.00,USD
2025-02-21T23:00:00+0200,Receive Deliver,Expiration,SELL_TO_CLOSE,LXRX  250221C00001000,Equity Option,Removal of 3.0 LXRX 02/21/25 Call 1.00 due to expiration.,0.00,3,0.00,--,0.00,100,LXRX,LXRX,2/21/25,1.0,CALL,,0.00,USD
2025-02-21T23:00:00+0200,Receive Deliver,Expiration,SELL_TO_CLOSE,PFE   250221C00027000,Equity Option,Removal of 2.0 PFE 02/21/25 Call 27.00 due to expiration.,0.00,2,0.00,--,0.00,100,PFE,PFE,2/21/25,27.0,CALL,,0.00,USD
2025-02-21T20:44:56+0200,Trade,Sell to Close,SELL_TO_CLOSE,XSP   250417P00605000,Equity Option,Sold 1 XSP 04/17/25 Put 605.00 @ 11.85,"1,185.00",1,"1,185.00",0.00,-0.17,100,XSP,XSP,4/17/25,605.0,PUT,368185372,"1,184.83",USD
2025-02-21T20:44:56+0200,Trade,Buy to Close,BUY_TO_CLOSE,XSP   250417P00600000,Equity Option,Bought 1 XSP 04/17/25 Put 600.00 @ 10.20,"-1,020.00",1,"-1,020.00",0.00,-0.13,100,XSP,XSP,4/17/25,600.0,PUT,368185372,"-1,020.13",USD
2025-02-21T18:56:12+0200,Trade,Buy to Open,BUY_TO_OPEN,SGOV,Equity,Bought 2 SGOV @ 100.57,-201.14,2,-100.57,0.00,0.00,,,,,,,368113770,-201.15,USD
2025-02-21T18:53:58+0200,Trade,Buy to Open,BUY_TO_OPEN,INVZ,Equity,Bought 50 INVZ @ 0.90,-44.94,50,-0.90,0.00,-0.04,,,,,,,368112597,-44.98,USD
2025-02-21T18:53:21+0200,Trade,Sell to Close,SELL_TO_CLOSE,SGOV,Equity,Sold 2 SGOV @ 100.58,201.16,2,100.58,0.00,-0.01,,,,,,,368112329,201.15,USD
2025-02-21T18:11:55+0200,Trade,Buy to Close,BUY_TO_CLOSE,MRK   250718C00130000,Equity Option,Bought 1 MRK 07/18/25 Call 130.00 @ 0.15,-15.00,1,-15.00,0.00,-0.13,100,MRK,MRK,7/18/25,130.0,CALL,367796626,-15.13,USD
2025-02-21T18:11:55+0200,Trade,Sell to Close,SELL_TO_CLOSE,MRK   250718C00100000,Equity Option,Sold 1 MRK 07/18/25 Call 100.00 @ 2.30,230.00,1,230.00,0.00,-0.14,100,MRK,MRK,7/18/25,100.0,CALL,367796626,229.86,USD
2025-02-21T16:54:43+0200,Trade,Buy to Close,BUY_TO_CLOSE,MRK   250919C00105000,Equity Option,Bought 1 MRK 09/19/25 Call 105.00 @ 2.17,-217.00,1,-217.00,0.00,-0.13,100,MRK,MRK,9/19/25,105.0,CALL,367786183,-217.13,USD
2025-02-21T16:54:43+0200,Trade,Sell to Close,SELL_TO_CLOSE,MRK   250919C00095000,Equity Option,Sold 1 MRK 09/19/25 Call 95.00 @ 4.67,467.00,1,467.00,0.00,-0.15,100,MRK,MRK,9/19/25,95.0,CALL,367786183,466.85,USD
2025-02-20T19:38:41+0200,Trade,Sell to Close,SELL_TO_CLOSE,BB    250221C00005000,Equity Option,Sold 1 BB 02/21/25 Call 5.00 @ 0.46,46.00,1,46.00,0.00,-0.14,100,BB,BB,2/21/25,5.0,CALL,367855337,45.86,USD
2025-02-20T18:13:32+0200,Trade,Buy to Open,BUY_TO_OPEN,BB    250221C00005000,Equity Option,Bought 1 BB 02/21/25 Call 5.00 @ 0.45,-45.00,1,-45.00,-1.00,-0.13,100,BB,BB,2/21/25,5.0,CALL,367779983,-46.13,USD
2025-02-19T16:32:12+0200,Trade,Sell to Close,SELL_TO_CLOSE,FETH,Equity,Sold 2 FETH @ 27.25,54.50,2,27.25,0.00,-0.01,,,,,,,367156514,54.49,USD
2025-02-19T00:00:00+0200,Money Movement,Credit Interest,,,,INTEREST ON CREDIT BALANCE,0.01,0,,--,0.00,,,,,,,,0.01,USD
2025-02-18T17:47:18+0200,Trade,Buy to Open,BUY_TO_OPEN,IBIT,Equity,Bought 1 IBIT @ 54.25,-54.25,1,-54.25,0.00,0.00,,,,,,,367245479,-54.25,USD
2025-02-18T16:51:11+0200,Trade,Buy to Open,BUY_TO_OPEN,IBIT,Equity,Bought 2 IBIT @ 54.24,-108.48,2,-54.24,0.00,0.00,,,,,,,367156634,-108.48,USD
2025-02-18T16:47:09+0200,Trade,Sell to Open,SELL_TO_OPEN,KTOS  250321P00020000,Equity Option,Sold 1 KTOS 03/21/25 Put 20.00 @ 0.15,15.00,1,15.00,-1.00,-0.14,100,KTOS,KTOS,3/21/25,20.0,PUT,367193143,13.86,USD
2025-02-18T16:30:06+0200,Trade,Sell to Open,SELL_TO_OPEN,NBIS  250321P00020000,Equity Option,Sold 1 NBIS 03/21/25 Put 20.00 @ 0.10,10.00,1,10.00,-1.00,-0.14,100,NBIS,NBIS,3/21/25,20.0,PUT,367117757,8.86,USD
2025-02-15T20:43:25+0200,Money Movement,Balance Adjustment,,,,Regulatory fee adjustment,0.00,0,,--,0.00,,,,,,,,0.00,USD
2025-02-14T19:51:11+0200,Trade,Buy to Open,BUY_TO_OPEN,INVZ  250417C00002500,Equity Option,Bought 1 INVZ 04/17/25 Call 2.50 @ 0.05,-5.00,1,-5.00,-1.00,-0.13,100,INVZ,INVZ,4/17/25,2.5,CALL,367009201,-6.13,USD
2025-02-14T18:49:15+0200,Trade,Buy to Open,BUY_TO_OPEN,KTOS  250221C00027500,Equity Option,Bought 2 KTOS 02/21/25 Call 27.50 @ 0.65,-130.00,2,-65.00,-2.00,-0.25,100,KTOS,KTOS,2/21/25,27.5,CALL,366980290,-132.25,USD
2025-02-14T18:36:53+0200,Trade,Sell to Open,SELL_TO_OPEN,MRK   250919C00105000,Equity Option,Sold 1 MRK 09/19/25 Call 105.00 @ 1.26,126.00,1,126.00,-1.00,-0.14,100,MRK,MRK,9/19/25,105.0,CALL,366974199,124.86,USD
2025-02-14T18:36:53+0200,Trade,Buy to Open,BUY_TO_OPEN,MRK   250919C00095000,Equity Option,Bought 1 MRK 09/19/25 Call 95.00 @ 2.91,-291.00,1,-291.00,-1.00,-0.13,100,MRK,MRK,9/19/25,95.0,CALL,366974199,-292.13,USD
2025-02-14T16:32:39+0200,Trade,Buy to Close,BUY_TO_CLOSE,MRNA  260116C00050000,Equity Option,Bought 1 MRNA 01/16/26 Call 50.00 @ 4.31,-431.00,1,-431.00,0.00,-0.13,100,MRNA,MRNA,1/16/26,50.0,CALL,366853460,-431.13,USD
2025-02-14T16:32:39+0200,Trade,Sell to Close,SELL_TO_CLOSE,MRNA  260116C00040000,Equity Option,Sold 1 MRNA 01/16/26 Call 40.00 @ 6.31,631.00,1,631.00,0.00,-0.15,100,MRNA,MRNA,1/16/26,40.0,CALL,366853460,630.85,USD
2025-02-13T16:35:34+0200,Trade,Sell to Close,SELL_TO_CLOSE,MRK   250718C00110000,Equity Option,Sold 1 MRK 07/18/25 Call 110.00 @ 0.60,60.00,1,60.00,0.00,-0.14,100,MRK,MRK,7/18/25,110.0,CALL,366548371,59.86,USD
2025-02-13T16:35:34+0200,Trade,Buy to Open,BUY_TO_OPEN,MRK   250718C00100000,Equity Option,Bought 1 MRK 07/18/25 Call 100.00 @ 1.50,-150.00,1,-150.00,-1.00,-0.13,100,MRK,MRK,7/18/25,100.0,CALL,366548371,-151.13,USD
2025-02-12T20:31:10+0200,Trade,Sell to Open,SELL_TO_OPEN,MRNA  260116C00050000,Equity Option,Sold 1 MRNA 01/16/26 Call 50.00 @ 4.49,449.00,1,449.00,-1.00,-0.15,100,MRNA,MRNA,1/16/26,50.0,CALL,366451871,447.85,USD
2025-02-12T20:31:10+0200,Trade,Buy to Open,BUY_TO_OPEN,MRNA  260116C00040000,Equity Option,Bought 1 MRNA 01/16/26 Call 40.00 @ 6.44,-644.00,1,-644.00,-1.00,-0.13,100,MRNA,MRNA,1/16/26,40.0,CALL,366451871,-645.13,USD
2025-02-11T21:40:51+0200,Trade,Buy to Open,BUY_TO_OPEN,FETH,Equity,Bought 5 FETH @ 25.85,-129.25,5,-25.85,0.00,0.00,,,,,,,366068825,-129.25,USD
2025-02-11T18:18:42+0200,Trade,Sell to Open,SELL_TO_OPEN,XSP   250417P00600000,Equity Option,Sold 1 XSP 04/17/25 Put 600.00 @ 9.37,937.00,1,937.00,-1.00,-0.16,100,XSP,XSP,4/17/25,600.0,PUT,366127076,935.84,USD
2025-02-11T18:18:42+0200,Trade,Buy to Open,BUY_TO_OPEN,XSP   250417P00605000,Equity Option,Bought 1 XSP 04/17/25 Put 605.00 @ 10.86,"-1,086.00",1,"-1,086.00",-1.00,-0.13,100,XSP,XSP,4/17/25,605.0,PUT,366127076,"-1,087.13",USD
2025-02-10T19:26:30+0200,Trade,Buy to Close,BUY_TO_CLOSE,JMIA  250221C00007000,Equity Option,Bought 1 JMIA 02/21/25 Call 7.00 @ 0.02,-2.00,1,-2.00,0.00,-0.13,100,JMIA,JMIA,2/21/25,7.0,CALL,365918931,-2.13,USD
2025-02-10T19:26:30+0200,Trade,Sell to Close,SELL_TO_CLOSE,JMIA  250221C00004000,Equity Option,Sold 1 JMIA 02/21/25 Call 4.00 @ 0.35,35.00,1,35.00,0.00,-0.14,100,JMIA,JMIA,2/21/25,4.0,CALL,365918931,34.86,USD
2025-02-10T19:21:03+0200,Trade,Buy to Close,BUY_TO_CLOSE,CPNG  250321C00029000,Equity Option,Bought 1 CPNG 03/21/25 Call 29.00 @ 0.15,-15.00,1,-15.00,0.00,-0.13,100,CPNG,CPNG,3/21/25,29.0,CALL,365916726,-15.13,USD
2025-02-10T19:21:03+0200,Trade,Sell to Close,SELL_TO_CLOSE,CPNG  250321C00023000,Equity Option,Sold 1 CPNG 03/21/25 Call 23.00 @ 1.88,188.00,1,188.00,0.00,-0.14,100,CPNG,CPNG,3/21/25,23.0,CALL,365916726,187.86,USD
2025-02-10T18:03:50+0200,Trade,Buy to Open,BUY_TO_OPEN,INVZ  250417C00002500,Equity Option,Bought 1 INVZ 04/17/25 Call 2.50 @ 0.12,-12.00,1,-12.00,-1.00,-0.13,100,INVZ,INVZ,4/17/25,2.5,CALL,365878703,-13.13,USD
2025-02-08T21:38:44+0200,Money Movement,Balance Adjustment,,,,Regulatory fee adjustment,-0.04,0,,--,0.00,,,,,,,,-0.04,USD
2025-02-07T17:59:30+0200,Trade,Buy to Open,BUY_TO_OPEN,SGOV,Equity,Bought 10 SGOV @ 100.41,"-1,004.13",10,-100.41,0.00,-0.01,,,,,,,365588263,"-1,004.13",USD
2025-02-07T17:22:57+0200,Trade,Sell to Close,SELL_TO_CLOSE,MRK   250718C00110000,Equity Option,Sold 1 MRK 07/18/25 Call 110.00 @ 0.71,71.00,1,71.00,0.00,-0.14,100,MRK,MRK,7/18/25,110.0,CALL,365542394,70.86,USD
2025-02-07T16:46:39+0200,Trade,Buy to Close,BUY_TO_CLOSE,SMCI  250417C00040000,Equity Option,Bought 1 SMCI 04/17/25 Call 40.00 @ 6.20,-620.00,1,-620.00,0.00,-0.13,100,SMCI,SMCI,4/17/25,40.0,CALL,365511418,-620.13,USD
2025-02-07T16:46:39+0200,Trade,Sell to Close,SELL_TO_CLOSE,SMCI  250417C00035000,Equity Option,Sold 1 SMCI 04/17/25 Call 35.00 @ 8.15,815.00,1,815.00,0.00,-0.16,100,SMCI,SMCI,4/17/25,35.0,CALL,365511418,814.84,USD
2025-02-07T16:42:12+0200,Trade,Buy to Close,BUY_TO_CLOSE,TECK  250516C00048000,Equity Option,Bought 1 TECK 05/16/25 Call 48.00 @ 2.00,-200.00,1,-200.00,0.00,-0.13,100,TECK,TECK,5/16/25,48.0,CALL,365504615,-200.13,USD
2025-02-07T16:42:12+0200,Trade,Sell to Close,SELL_TO_CLOSE,TECK  250516C00043000,Equity Option,Sold 1 TECK 05/16/25 Call 43.00 @ 4.05,405.00,1,405.00,0.00,-0.15,100,TECK,TECK,5/16/25,43.0,CALL,365504615,404.85,USD
2025-02-06T16:30:16+0200,Trade,Buy to Open,BUY_TO_OPEN,FETH,Equity,Bought 5 FETH @ 27.65,-138.25,5,-27.65,0.00,0.00,,,,,,,365203078,-138.25,USD
2025-02-05T20:17:27+0200,Trade,Sell to Close,SELL_TO_CLOSE,GOLD  250321C00017000,Equity Option,Sold 1 GOLD 03/21/25 Call 17.00 @ 0.93,93.00,1,93.00,0.00,-0.14,100,GOLD,GOLD,3/21/25,17.0,CALL,365102816,92.86,USD
2025-02-05T16:37:11+0200,Trade,Buy to Open,BUY_TO_OPEN,MRK   250718C00110000,Equity Option,Bought 1 MRK 07/18/25 Call 110.00 @ 0.70,-70.00,1,-70.00,-1.00,-0.13,100,MRK,MRK,7/18/25,110.0,CALL,364932191,-71.13,USD
2025-02-05T16:33:04+0200,Trade,Buy to Open,BUY_TO_OPEN,PFE   250221C00027000,Equity Option,Bought 1 PFE 02/21/25 Call 27.00 @ 0.15,-15.00,1,-15.00,-1.00,-0.13,100,PFE,PFE,2/21/25,27.0,CALL,364913087,-16.13,USD
2025-02-04T16:31:59+0200,Trade,Sell to Open,SELL_TO_OPEN,MRK   250718C00130000,Equity Option,Sold 1 MRK 07/18/25 Call 130.00 @ 0.16,16.00,1,16.00,-1.00,-0.14,100,MRK,MRK,7/18/25,130.0,CALL,364672163,14.86,USD
2025-02-04T16:31:59+0200,Trade,Buy to Open,BUY_TO_OPEN,MRK   250718C00110000,Equity Option,Bought 1 MRK 07/18/25 Call 110.00 @ 0.89,-89.00,1,-89.00,-1.00,-0.13,100,MRK,MRK,7/18/25,110.0,CALL,364672163,-90.13,USD
2025-02-03T22:33:09+0200,Trade,Sell to Close,SELL_TO_CLOSE,IREN  250221C00011000,Equity Option,Sold 1 IREN 02/21/25 Call 11.00 @ 1.12,112.00,1,112.00,0.00,-0.14,100,IREN,IREN,2/21/25,11.0,CALL,364116887,111.86,USD
2025-02-03T22:33:09+0200,Trade,Buy to Close,BUY_TO_CLOSE,IREN  250221C00015000,Equity Option,Bought 1 IREN 02/21/25 Call 15.00 @ 0.22,-22.00,1,-22.00,0.00,-0.13,100,IREN,IREN,2/21/25,15.0,CALL,364116887,-22.13,USD
2025-02-01T21:36:27+0200,Money Movement,Balance Adjustment,,,,Regulatory fee adjustment,-0.11,0,,--,0.00,,,,,,,,-0.11,USD
2025-01-29T21:57:04+0200,Trade,Buy to Open,BUY_TO_OPEN,GOLD  250321C00017000,Equity Option,Bought 1 GOLD 03/21/25 Call 17.00 @ 0.40,-40.00,1,-40.00,-1.00,-0.13,100,GOLD,GOLD,3/21/25,17.0,CALL,363656624,-41.13,USD
2025-01-29T17:32:39+0200,Trade,Sell to Close,SELL_TO_CLOSE,BABA  250620C00100000,Equity Option,Sold 1 BABA 06/20/25 Call 100.00 @ 10.35,"1,035.00",1,"1,035.00",0.00,-0.16,100,BABA,BABA,6/20/25,100.0,CALL,363540528,"1,034.84",USD
2025-01-29T17:32:39+0200,Trade,Buy to Close,BUY_TO_CLOSE,BABA  250620C00120000,Equity Option,Bought 1 BABA 06/20/25 Call 120.00 @ 4.73,-473.00,1,-473.00,0.00,-0.13,100,BABA,BABA,6/20/25,120.0,CALL,363540528,-473.13,USD
2025-01-28T21:01:53+0200,Trade,Buy to Open,BUY_TO_OPEN,LXRX  250221C00001000,Equity Option,Bought 3 LXRX 02/21/25 Call 1.00 @ 0.16,-48.00,3,-16.00,-3.00,-0.38,100,LXRX,LXRX,2/21/25,1.0,CALL,363400209,-51.38,USD
2025-01-28T18:32:50+0200,Trade,Buy to Close,BUY_TO_CLOSE,PATH  250516C00020000,Equity Option,Bought 1 PATH 05/16/25 Call 20.00 @ 0.48,-48.00,1,-48.00,0.00,-0.13,100,PATH,PATH,5/16/25,20.0,CALL,363330381,-48.13,USD
2025-01-28T18:32:50+0200,Trade,Sell to Close,SELL_TO_CLOSE,PATH  250516C00014000,Equity Option,Sold 1 PATH 05/16/25 Call 14.00 @ 2.28,228.00,1,228.00,0.00,-0.14,100,PATH,PATH,5/16/25,14.0,CALL,363330381,227.86,USD
2025-01-28T17:29:07+0200,Trade,Sell to Close,SELL_TO_CLOSE,TDOC  250321C00010000,Equity Option,Sold 1 TDOC 03/21/25 Call 10.00 @ 1.40,140.00,1,140.00,0.00,-0.14,100,TDOC,TDOC,3/21/25,10.0,CALL,363291667,139.86,USD
2025-01-28T17:22:55+0200,Trade,Sell to Close,SELL_TO_CLOSE,IVZ   250221C00019000,Equity Option,Sold 1 IVZ 02/21/25 Call 19.00 @ 0.46,46.00,1,46.00,0.00,-0.14,100,IVZ,IVZ,2/21/25,19.0,CALL,363285268,45.86,USD
2025-01-28T17:17:03+0200,Trade,Buy to Close,BUY_TO_CLOSE,U     250221C00025000,Equity Option,Bought 1 U 02/21/25 Call 25.00 @ 1.00,-100.00,1,-100.00,0.00,-0.13,100,U,U,2/21/25,25.0,CALL,363280520,-100.13,USD
2025-01-28T17:17:03+0200,Trade,Sell to Close,SELL_TO_CLOSE,U     250221C00022000,Equity Option,Sold 1 U 02/21/25 Call 22.00 @ 2.07,207.00,1,207.00,0.00,-0.14,100,U,U,2/21/25,22.0,CALL,363280520,206.86,USD
2025-01-28T16:33:01+0200,Trade,Sell to Close,SELL_TO_CLOSE,IVZ   250221C00019000,Equity Option,Sold 1 IVZ 02/21/25 Call 19.00 @ 0.55,55.00,1,55.00,0.00,-0.14,100,IVZ,IVZ,2/21/25,19.0,CALL,363109133,54.86,USD
2025-01-28T16:32:57+0200,Trade,Sell to Close,SELL_TO_CLOSE,IVZ   250221C00019000,Equity Option,Sold 1 IVZ 02/21/25 Call 19.00 @ 0.45,45.00,1,45.00,0.00,-0.14,100,IVZ,IVZ,2/21/25,19.0,CALL,363108904,44.86,USD
2025-01-28T00:00:00+0200,Money Movement,Transfer,,,,Journal to account 5WZ05866,-500.00,0,,--,0.00,,,,,,,,-500.00,USD
2025-01-27T19:59:40+0200,Trade,Buy to Open,BUY_TO_OPEN,IVZ   250221C00019000,Equity Option,Bought 3 IVZ 02/21/25 Call 19.00 @ 0.17,-51.00,3,-17.00,-3.00,-0.38,100,IVZ,IVZ,2/21/25,19.0,CALL,363100614,-54.38,USD
2025-01-27T19:55:36+0200,Trade,Sell to Close,SELL_TO_CLOSE,NKE   270115C00077500,Equity Option,Sold 1 NKE 01/15/27 Call 77.50 @ 14.02,"1,402.00",1,"1,402.00",0.00,-0.17,100,NKE,NKE,1/15/27,77.5,CALL,363104844,"1,401.83",USD
2025-01-27T19:55:36+0200,Trade,Buy to Close,BUY_TO_CLOSE,NKE   270115C00087500,Equity Option,Bought 1 NKE 01/15/27 Call 87.50 @ 10.23,"-1,023.00",1,"-1,023.00",0.00,-0.13,100,NKE,NKE,1/15/27,87.5,CALL,363104844,"-1,023.13",USD
2025-01-27T19:33:17+0200,Trade,Sell to Open,SELL_TO_OPEN,IREN  250221C00015000,Equity Option,Sold 1 IREN 02/21/25 Call 15.00 @ 0.32,32.00,1,32.00,-1.00,-0.14,100,IREN,IREN,2/21/25,15.0,CALL,363094190,30.86,USD
2025-01-27T19:33:17+0200,Trade,Buy to Open,BUY_TO_OPEN,IREN  250221C00011000,Equity Option,Bought 1 IREN 02/21/25 Call 11.00 @ 1.13,-113.00,1,-113.00,-1.00,-0.13,100,IREN,IREN,2/21/25,11.0,CALL,363094190,-114.13,USD
2025-01-27T17:44:53+0200,Trade,Sell to Close,SELL_TO_CLOSE,NU    250321C00012000,Equity Option,Sold 1 NU 03/21/25 Call 12.00 @ 1.15,115.00,1,115.00,0.00,-0.14,100,NU,NU,3/21/25,12.0,CALL,362839553,114.86,USD
2025-01-27T17:44:53+0200,Trade,Buy to Close,BUY_TO_CLOSE,NU    250321C00015000,Equity Option,Bought 1 NU 03/21/25 Call 15.00 @ 0.20,-20.00,1,-20.00,0.00,-0.13,100,NU,NU,3/21/25,15.0,CALL,362839553,-20.13,USD
2025-01-27T17:24:00+0200,Trade,Sell to Close,SELL_TO_CLOSE,CNH   250620C00012500,Equity Option,Sold 1 CNH 06/20/25 Call 12.50 @ 1.40,140.00,1,140.00,0.00,-0.14,100,CNH,CNH,6/20/25,12.5,CALL,363007073,139.86,USD
2025-01-27T17:12:43+0200,Trade,Buy to Close,BUY_TO_CLOSE,UBER  250214C00070000,Equity Option,Bought 1 UBER 02/14/25 Call 70.00 @ 2.89,-289.00,1,-289.00,0.00,-0.13,100,UBER,UBER,2/14/25,70.0,CALL,362999423,-289.13,USD
2025-01-27T17:12:43+0200,Trade,Sell to Close,SELL_TO_CLOSE,UBER  250214C00065000,Equity Option,Sold 1 UBER 02/14/25 Call 65.00 @ 5.73,573.00,1,573.00,0.00,-0.15,100,UBER,UBER,2/14/25,65.0,CALL,362999423,572.85,USD
2025-01-27T16:59:45+0200,Trade,Sell to Open,SELL_TO_OPEN,BABA  250620C00120000,Equity Option,Sold 1 BABA 06/20/25 Call 120.00 @ 2.32,232.00,1,232.00,-1.00,-0.14,100,BABA,BABA,6/20/25,120.0,CALL,362985841,230.86,USD
2025-01-27T16:59:45+0200,Trade,Buy to Open,BUY_TO_OPEN,BABA  250620C00100000,Equity Option,Bought 1 BABA 06/20/25 Call 100.00 @ 5.62,-562.00,1,-562.00,-1.00,-0.13,100,BABA,BABA,6/20/25,100.0,CALL,362985841,-563.13,USD
2025-01-27T16:55:59+0200,Trade,Sell to Open,SELL_TO_OPEN,NBIS  270115C00040000,Equity Option,Sold 1 NBIS 01/15/27 Call 40.00 @ 12.04,"1,204.00",1,"1,204.00",-1.00,-0.17,100,NBIS,NBIS,1/15/27,40.0,CALL,362981200,"1,202.83",USD
2025-01-27T16:55:59+0200,Trade,Buy to Open,BUY_TO_OPEN,NBIS  270115C00030000,Equity Option,Bought 1 NBIS 01/15/27 Call 30.00 @ 14.37,"-1,437.00",1,"-1,437.00",-1.00,-0.13,100,NBIS,NBIS,1/15/27,30.0,CALL,362981200,"-1,438.13",USD
2025-01-27T16:45:53+0200,Trade,Sell to Close,SELL_TO_CLOSE,AAPL  250516C00255000,Equity Option,Sold 1 AAPL 05/16/25 Call 255.00 @ 3.75,375.00,1,375.00,0.00,-0.15,100,AAPL,AAPL,5/16/25,255.0,CALL,362967074,374.85,USD
2025-01-27T16:34:00+0200,Trade,Buy to Close,BUY_TO_CLOSE,SGOV,Equity,Bought 1 SGOV @ 100.62,-100.62,1,-100.62,0.00,0.00,,,,,,,362944574,-100.62,USD
2025-01-27T16:33:50+0200,Trade,Buy to Close,BUY_TO_CLOSE,SGOV,Equity,Bought 4 SGOV @ 100.62,-402.48,4,-100.62,0.00,0.00,,,,,,,362944574,-402.48,USD
2025-01-27T16:31:32+0200,Trade,Buy to Close,BUY_TO_CLOSE,KNX   250221C00062500,Equity Option,Bought 1 KNX 02/21/25 Call 62.50 @ 0.39,-39.00,1,-39.00,0.00,-0.13,100,KNX,KNX,2/21/25,62.5,CALL,362841236,-39.13,USD
2025-01-27T16:31:32+0200,Trade,Sell to Close,SELL_TO_CLOSE,KNX   250221C00060000,Equity Option,Sold 1 KNX 02/21/25 Call 60.00 @ 0.87,87.00,1,87.00,0.00,-0.14,100,KNX,KNX,2/21/25,60.0,CALL,362841236,86.86,USD
2025-01-27T16:31:20+0200,Trade,Sell to Open,SELL_TO_OPEN,SGOV,Equity,Sold 5 SGOV @ 100.62,503.10,5,100.62,0.00,-0.02,,,,,,,362938335,503.08,USD
2025-01-27T16:30:59+0200,Trade,Buy to Close,BUY_TO_CLOSE,BAC   250321C00048000,Equity Option,Bought 1 BAC 03/21/25 Call 48.00 @ 0.99,-99.00,1,-99.00,0.00,-0.13,100,BAC,BAC,3/21/25,48.0,CALL,362842383,-99.13,USD
2025-01-27T16:30:59+0200,Trade,Sell to Close,SELL_TO_CLOSE,BAC   250321C00046000,Equity Option,Sold 1 BAC 03/21/25 Call 46.00 @ 1.95,195.00,1,195.00,0.00,-0.14,100,BAC,BAC,3/21/25,46.0,CALL,362842383,194.86,USD
2025-01-25T22:16:20+0200,Money Movement,Balance Adjustment,,,,Regulatory fee adjustment,-0.02,0,,--,0.00,,,,,,,,-0.02,USD
2025-01-24T23:00:00+0200,Receive Deliver,Expiration,SELL_TO_CLOSE,AAPL  250124C00245000,Equity Option,Removal of 1.0 AAPL 01/24/25 Call 245.00 due to expiration.,0.00,1,0.00,--,0.00,100,AAPL,AAPL,1/24/25,245.0,CALL,,0.00,USD
2025-01-24T23:00:00+0200,Receive Deliver,Expiration,BUY_TO_CLOSE,AAPL  250124C00250000,Equity Option,Removal of 1.0 AAPL 01/24/25 Call 250.00 due to expiration.,0.00,1,0.00,--,0.00,100,AAPL,AAPL,1/24/25,250.0,CALL,,0.00,USD
2025-01-24T21:57:46+0200,Trade,Sell to Open,SELL_TO_OPEN,U     250221C00025000,Equity Option,Sold 1 U 02/21/25 Call 25.00 @ 1.02,102.00,1,102.00,-1.00,-0.14,100,U,U,2/21/25,25.0,CALL,362836888,100.86,USD
2025-01-24T21:57:46+0200,Trade,Buy to Open,BUY_TO_OPEN,U     250221C00022000,Equity Option,Bought 1 U 02/21/25 Call 22.00 @ 2.06,-206.00,1,-206.00,-1.00,-0.13,100,U,U,2/21/25,22.0,CALL,362836888,-207.13,USD
2025-01-24T17:26:53+0200,Trade,Sell to Close,SELL_TO_CLOSE,RXRX  250214C00007000,Equity Option,Sold 1 RXRX 02/14/25 Call 7.00 @ 1.31,131.00,1,131.00,0.00,-0.14,100,RXRX,RXRX,2/14/25,7.0,CALL,362504771,130.86,USD
2025-01-24T00:00:00+0200,Receive Deliver,Transfer,SELL_TO_OPEN,NRXP,Equity,Transferred 10.0 Short NRXP,0.00,10,0.00,--,0.00,,,,,,,,0.00,USD
2025-01-23T19:23:21+0200,Trade,Sell to Close,SELL_TO_CLOSE,CYH   250321C00003000,Equity Option,Sold 1 CYH 03/21/25 Call 3.00 @ 0.65,65.00,1,65.00,0.00,-0.14,100,CYH,CYH,3/21/25,3.0,CALL,362476711,64.86,USD
2025-01-23T17:25:14+0200,Trade,Sell to Close,SELL_TO_CLOSE,JEPI  260116C00062000,Equity Option,Sold 1 JEPI 01/16/26 Call 62.00 @ 0.55,55.00,1,55.00,0.00,-0.14,100,JEPI,JEPI,1/16/26,62.0,CALL,362246632,54.86,USD
2025-01-22T17:52:00+0200,Trade,Buy to Open,BUY_TO_OPEN,RXRX  250214C00007000,Equity Option,Bought 1 RXRX 02/14/25 Call 7.00 @ 0.95,-95.00,1,-95.00,-1.00,-0.13,100,RXRX,RXRX,2/14/25,7.0,CALL,362214611,-96.13,USD
2025-01-22T17:51:45+0200,Trade,Buy to Open,BUY_TO_OPEN,TDOC  250321C00010000,Equity Option,Bought 1 TDOC 03/21/25 Call 10.00 @ 1.10,-110.00,1,-110.00,-1.00,-0.13,100,TDOC,TDOC,3/21/25,10.0,CALL,362249227,-111.13,USD
2025-01-21T19:36:32+0200,Trade,Buy to Open,BUY_TO_OPEN,CNH   250620C00012500,Equity Option,Bought 1 CNH 06/20/25 Call 12.50 @ 1.15,-115.00,1,-115.00,-1.00,-0.13,100,CNH,CNH,6/20/25,12.5,CALL,362028776,-116.13,USD
2025-01-21T18:48:27+0200,Trade,Sell to Close,SELL_TO_CLOSE,BCS   270115C00015000,Equity Option,Sold 1 BCS 01/15/27 Call 15.00 @ 2.29,229.00,1,229.00,0.00,-0.14,100,BCS,BCS,1/15/27,15.0,CALL,361977648,228.86,USD
2025-01-21T18:48:27+0200,Trade,Buy to Close,BUY_TO_CLOSE,BCS   270115C00022000,Equity Option,Bought 1 BCS 01/15/27 Call 22.00 @ 0.53,-53.00,1,-53.00,0.00,-0.13,100,BCS,BCS,1/15/27,22.0,CALL,361977648,-53.13,USD
2025-01-21T18:23:54+0200,Trade,Buy to Open,BUY_TO_OPEN,AAPL  250516C00255000,Equity Option,Bought 1 AAPL 05/16/25 Call 255.00 @ 2.43,-243.00,1,-243.00,-1.00,-0.13,100,AAPL,AAPL,5/16/25,255.0,CALL,361992334,-244.13,USD
2025-01-21T17:40:09+0200,Trade,Buy to Close,BUY_TO_CLOSE,TLT   260116C00092000,Equity Option,Bought 1 TLT 01/16/26 Call 92.00 @ 3.96,-396.00,1,-396.00,0.00,-0.13,100,TLT,TLT,1/16/26,92.0,CALL,361907727,-396.13,USD
2025-01-21T17:40:09+0200,Trade,Sell to Close,SELL_TO_CLOSE,TLT   260116C00089000,Equity Option,Sold 1 TLT 01/16/26 Call 89.00 @ 5.11,511.00,1,511.00,0.00,-0.15,100,TLT,TLT,1/16/26,89.0,CALL,361907727,510.85,USD
2025-01-21T17:08:36+0200,Trade,Sell to Open,SELL_TO_OPEN,XSP   250516P00580000,Equity Option,Sold 1 XSP 05/16/25 Put 580.00 @ 9.62,962.00,1,962.00,-1.00,-0.16,100,XSP,XSP,5/16/25,580.0,PUT,361932558,960.84,USD
2025-01-21T17:08:36+0200,Trade,Buy to Open,BUY_TO_OPEN,XSP   250516P00590000,Equity Option,Bought 1 XSP 05/16/25 Put 590.00 @ 11.72,"-1,172.00",1,"-1,172.00",-1.00,-0.13,100,XSP,XSP,5/16/25,590.0,PUT,361932558,"-1,173.13",USD
2025-01-21T16:46:27+0200,Trade,Sell to Close,SELL_TO_CLOSE,INVZ  250417C00002000,Equity Option,Sold 1 INVZ 04/17/25 Call 2.00 @ 0.59,59.00,1,59.00,0.00,-0.14,100,INVZ,INVZ,4/17/25,2.0,CALL,361913484,58.86,USD
2025-01-18T22:46:46+0200,Money Movement,Balance Adjustment,,,,Regulatory fee adjustment,-0.06,0,,--,0.00,,,,,,,,-0.06,USD
2025-01-17T23:00:00+0200,Receive Deliver,Expiration,SELL_TO_CLOSE,EDR   250117P00025000,Equity Option,Removal of 1.0 EDR 01/17/25 Put 25.00 due to expiration.,0.00,1,0.00,--,0.00,100,EDR,EDR,1/17/25,25.0,PUT,,0.00,USD
2025-01-17T23:00:00+0200,Receive Deliver,Expiration,SELL_TO_CLOSE,CNX   250117C00031000,Equity Option,Removal of 1.0 CNX 01/17/25 Call 31.00 due to expiration.,0.00,1,0.00,--,0.00,100,CNX,CNX,1/17/25,31.0,CALL,,0.00,USD
2025-01-17T23:00:00+0200,Receive Deliver,Expiration,SELL_TO_CLOSE,BHP   250117C00052500,Equity Option,Removal of 1.0 BHP 01/17/25 Call 52.50 due to expiration.,0.00,1,0.00,--,0.00,100,BHP,BHP,1/17/25,52.5,CALL,,0.00,USD
2025-01-17T23:00:00+0200,Receive Deliver,Expiration,BUY_TO_CLOSE,BHP   250117C00055000,Equity Option,Removal of 1.0 BHP 01/17/25 Call 55.00 due to expiration.,0.00,1,0.00,--,0.00,100,BHP,BHP,1/17/25,55.0,CALL,,0.00,USD
2025-01-17T23:00:00+0200,Receive Deliver,Expiration,SELL_TO_CLOSE,UBER  250117C00077500,Equity Option,Removal of 2.0 UBER 01/17/25 Call 77.50 due to expiration.,0.00,2,0.00,--,0.00,100,UBER,UBER,1/17/25,77.5,CALL,,0.00,USD
2025-01-17T18:47:35+0200,Trade,Sell to Close,SELL_TO_CLOSE,NEM   250321C00042500,Equity Option,Sold 1 NEM 03/21/25 Call 42.50 @ 2.30,230.00,1,230.00,0.00,-0.14,100,NEM,NEM,3/21/25,42.5,CALL,361682219,229.86,USD
2025-01-17T17:13:32+0200,Trade,Sell to Open,SELL_TO_OPEN,TECK  250516C00048000,Equity Option,Sold 1 TECK 05/16/25 Call 48.00 @ 1.85,185.00,1,185.00,-1.00,-0.14,100,TECK,TECK,5/16/25,48.0,CALL,361628843,183.86,USD
2025-01-17T17:13:32+0200,Trade,Buy to Open,BUY_TO_OPEN,TECK  250516C00043000,Equity Option,Bought 1 TECK 05/16/25 Call 43.00 @ 3.80,-380.00,1,-380.00,-1.00,-0.13,100,TECK,TECK,5/16/25,43.0,CALL,361628843,-381.13,USD
2025-01-17T16:47:18+0200,Trade,Sell to Close,SELL_TO_CLOSE,AAPL  250117C00245000,Equity Option,Sold 1 AAPL 01/17/25 Call 245.00 @ 0.01,1.00,1,1.00,0.00,-0.14,100,AAPL,AAPL,1/17/25,245.0,CALL,361603190,0.86,USD
2025-01-17T16:47:18+0200,Trade,Sell to Open,SELL_TO_OPEN,AAPL  250124C00250000,Equity Option,Sold 1 AAPL 01/24/25 Call 250.00 @ 0.07,7.00,1,7.00,-1.00,-0.14,100,AAPL,AAPL,1/24/25,250.0,CALL,361603190,5.86,USD
2025-01-17T16:47:18+0200,Trade,Buy to Close,BUY_TO_CLOSE,AAPL  250117C00250000,Equity Option,Bought 1 AAPL 01/17/25 Call 250.00 @ 0.01,-1.00,1,-1.00,0.00,-0.13,100,AAPL,AAPL,1/17/25,250.0,CALL,361603190,-1.13,USD
2025-01-17T16:47:18+0200,Trade,Buy to Open,BUY_TO_OPEN,AAPL  250124C00245000,Equity Option,Bought 1 AAPL 01/24/25 Call 245.00 @ 0.14,-14.00,1,-14.00,-1.00,-0.13,100,AAPL,AAPL,1/24/25,245.0,CALL,361603190,-15.13,USD
2025-01-16T16:31:07+0200,Trade,Buy to Open,BUY_TO_OPEN,EDR   250117P00025000,Equity Option,Bought 1 EDR 01/17/25 Put 25.00 @ 0.04,-4.00,1,-4.00,-1.00,-0.13,100,EDR,EDR,1/17/25,25.0,PUT,361310541,-5.13,USD
2025-01-16T16:30:14+0200,Trade,Buy to Open,BUY_TO_OPEN,EDR   250321P00025000,Equity Option,Bought 1 EDR 03/21/25 Put 25.00 @ 0.30,-30.00,1,-30.00,-1.00,-0.13,100,EDR,EDR,3/21/25,25.0,PUT,361310440,-31.13,USD
2025-01-15T22:31:03+0200,Trade,Buy to Open,BUY_TO_OPEN,CNX   250117C00031000,Equity Option,Bought 1 CNX 01/17/25 Call 31.00 @ 0.30,-30.00,1,-30.00,-1.00,-0.13,100,CNX,CNX,1/17/25,31.0,CALL,361288656,-31.13,USD
2025-01-15T22:04:47+0200,Trade,Buy to Close,BUY_TO_CLOSE,MU    250321C00120000,Equity Option,Bought 1 MU 03/21/25 Call 120.00 @ 2.98,-298.00,1,-298.00,0.00,-0.13,100,MU,MU,3/21/25,120.0,CALL,361275566,-298.13,USD
2025-01-15T22:04:47+0200,Trade,Sell to Close,SELL_TO_CLOSE,MU    250321C00105000,Equity Option,Sold 1 MU 03/21/25 Call 105.00 @ 7.69,769.00,1,769.00,0.00,-0.16,100,MU,MU,3/21/25,105.0,CALL,361275566,768.84,USD
2025-01-15T21:41:22+0200,Trade,Sell to Close,SELL_TO_CLOSE,AA    250417C00035000,Equity Option,Sold 1 AA 04/17/25 Call 35.00 @ 5.44,544.00,1,544.00,0.00,-0.15,100,AA,AA,4/17/25,35.0,CALL,361265221,543.85,USD
2025-01-15T21:41:22+0200,Trade,Buy to Close,BUY_TO_CLOSE,AA    250417C00045000,Equity Option,Bought 1 AA 04/17/25 Call 45.00 @ 1.42,-142.00,1,-142.00,0.00,-0.13,100,AA,AA,4/17/25,45.0,CALL,361265221,-142.13,USD
2025-01-15T20:39:31+0200,Trade,Sell to Close,SELL_TO_CLOSE,HAL   250117C00028500,Equity Option,Sold 1 HAL 01/17/25 Call 28.50 @ 0.46,46.00,1,46.00,0.00,-0.14,100,HAL,HAL,1/17/25,28.5,CALL,361238308,45.86,USD
2025-01-15T16:37:19+0200,Trade,Sell to Close,SELL_TO_CLOSE,C     250417C00080000,Equity Option,Sold 1 C 04/17/25 Call 80.00 @ 2.59,259.00,1,259.00,0.00,-0.14,100,C,C,4/17/25,80.0,CALL,361088496,258.86,USD
2025-01-15T16:30:13+0200,Trade,Sell to Close,SELL_TO_CLOSE,HAL   250117C00028500,Equity Option,Sold 1 HAL 01/17/25 Call 28.50 @ 0.35,35.00,1,35.00,0.00,-0.14,100,HAL,HAL,1/17/25,28.5,CALL,361054149,34.86,USD
2025-01-13T22:34:46+0200,Trade,Buy to Open,BUY_TO_OPEN,NRXP,Equity,Bought 10 NRXP @ 4.97,-49.70,10,-4.97,0.00,-0.01,,,,,,,360790356,-49.71,USD
2025-01-13T22:21:31+0200,Trade,Buy to Open,BUY_TO_OPEN,HAL   250117C00028500,Equity Option,Bought 2 HAL 01/17/25 Call 28.50 @ 0.22,-44.00,2,-22.00,-2.00,-0.24,100,HAL,HAL,1/17/25,28.5,CALL,360738140,-46.24,USD
2025-01-10T21:08:51+0200,Trade,Buy to Open,BUY_TO_OPEN,INVZ  250417C00002000,Equity Option,Bought 1 INVZ 04/17/25 Call 2.00 @ 0.55,-55.00,1,-55.00,-1.00,-0.12,100,INVZ,INVZ,4/17/25,2.0,CALL,360465749,-56.12,USD
2025-01-10T20:15:30+0200,Trade,Buy to Open,BUY_TO_OPEN,NEM   250321C00042500,Equity Option,Bought 1 NEM 03/21/25 Call 42.50 @ 1.53,-153.00,1,-153.00,-1.00,-0.12,100,NEM,NEM,3/21/25,42.5,CALL,360464164,-154.12,USD
2025-01-10T20:14:42+0200,Trade,Sell to Close,SELL_TO_CLOSE,PENN  250221C00020000,Equity Option,Sold 1 PENN 02/21/25 Call 20.00 @ 1.00,100.00,1,100.00,0.00,-0.13,100,PENN,PENN,2/21/25,20.0,CALL,360344566,99.87,USD
2025-01-10T19:03:17+0200,Trade,Buy to Open,BUY_TO_OPEN,C     250417C00080000,Equity Option,Bought 1 C 04/17/25 Call 80.00 @ 1.16,-116.00,1,-116.00,-1.00,-0.12,100,C,C,4/17/25,80.0,CALL,360422938,-117.12,USD
2025-01-10T17:07:10+0200,Trade,Buy to Open,BUY_TO_OPEN,PENN  250221C00020000,Equity Option,Bought 1 PENN 02/21/25 Call 20.00 @ 0.66,-66.00,1,-66.00,-1.00,-0.12,100,PENN,PENN,2/21/25,20.0,CALL,360333289,-67.12,USD
2025-01-08T20:46:02+0200,Trade,Buy to Close,BUY_TO_CLOSE,XSP   250516P00585000,Equity Option,Bought 1 XSP 05/16/25 Put 585.00 @ 15.47,"-1,547.00",1,"-1,547.00",0.00,-0.12,100,XSP,XSP,5/16/25,585.0,PUT,360175594,"-1,547.12",USD
2025-01-08T20:46:02+0200,Trade,Sell to Close,SELL_TO_CLOSE,XSP   250516P00590000,Equity Option,Sold 1 XSP 05/16/25 Put 590.00 @ 16.92,"1,692.00",1,"1,692.00",0.00,-0.17,100,XSP,XSP,5/16/25,590.0,PUT,360175594,"1,691.83",USD
2025-01-07T19:20:29+0200,Trade,Sell to Open,SELL_TO_OPEN,MU    250321C00120000,Equity Option,Sold 1 MU 03/21/25 Call 120.00 @ 4.10,410.00,1,410.00,-1.00,-0.14,100,MU,MU,3/21/25,120.0,CALL,359889230,408.86,USD
2025-01-07T19:20:29+0200,Trade,Buy to Open,BUY_TO_OPEN,MU    250321C00105000,Equity Option,Bought 1 MU 03/21/25 Call 105.00 @ 8.80,-880.00,1,-880.00,-1.00,-0.12,100,MU,MU,3/21/25,105.0,CALL,359889230,-881.12,USD
2025-01-07T17:20:22+0200,Trade,Buy to Open,BUY_TO_OPEN,PFE   250221C00027000,Equity Option,Bought 1 PFE 02/21/25 Call 27.00 @ 1.05,-105.00,1,-105.00,-1.00,-0.12,100,PFE,PFE,2/21/25,27.0,CALL,359832503,-106.12,USD
2025-01-07T17:05:04+0200,Trade,Sell to Open,SELL_TO_OPEN,AA    250417C00045000,Equity Option,Sold 1 AA 04/17/25 Call 45.00 @ 1.13,113.00,1,113.00,-1.00,-0.13,100,AA,AA,4/17/25,45.0,CALL,359776038,111.87,USD
2025-01-07T17:05:04+0200,Trade,Buy to Open,BUY_TO_OPEN,AA    250417C00035000,Equity Option,Bought 1 AA 04/17/25 Call 35.00 @ 4.43,-443.00,1,-443.00,-1.00,-0.12,100,AA,AA,4/17/25,35.0,CALL,359776038,-444.12,USD
2025-01-07T16:41:10+0200,Trade,Sell to Close,SELL_TO_CLOSE,JOBY  250417C00008000,Equity Option,Sold 1 JOBY 04/17/25 Call 8.00 @ 3.10,310.00,1,310.00,0.00,-0.13,100,JOBY,JOBY,4/17/25,8.0,CALL,359665283,309.87,USD
2025-01-07T16:41:10+0200,Trade,Buy to Close,BUY_TO_CLOSE,JOBY  250417C00012000,Equity Option,Bought 1 JOBY 04/17/25 Call 12.00 @ 1.35,-135.00,1,-135.00,0.00,-0.12,100,JOBY,JOBY,4/17/25,12.0,CALL,359665283,-135.12,USD
2025-01-06T19:39:51+0200,Trade,Sell to Open,SELL_TO_OPEN,SMCI  250417C00040000,Equity Option,Sold 1 SMCI 04/17/25 Call 40.00 @ 6.45,645.00,1,645.00,-1.00,-0.14,100,SMCI,SMCI,4/17/25,40.0,CALL,359658066,643.86,USD
2025-01-06T19:39:51+0200,Trade,Buy to Open,BUY_TO_OPEN,SMCI  250417C00035000,Equity Option,Bought 1 SMCI 04/17/25 Call 35.00 @ 8.40,-840.00,1,-840.00,-1.00,-0.12,100,SMCI,SMCI,4/17/25,35.0,CALL,359658066,-841.12,USD
2025-01-06T19:37:07+0200,Trade,Sell to Open,SELL_TO_OPEN,TLT   260116C00092000,Equity Option,Sold 1 TLT 01/16/26 Call 92.00 @ 3.79,379.00,1,379.00,-1.00,-0.14,100,TLT,TLT,1/16/26,92.0,CALL,359657813,377.86,USD
2025-01-06T19:37:07+0200,Trade,Buy to Open,BUY_TO_OPEN,TLT   260116C00089000,Equity Option,Bought 1 TLT 01/16/26 Call 89.00 @ 4.92,-492.00,1,-492.00,-1.00,-0.12,100,TLT,TLT,1/16/26,89.0,CALL,359657813,-493.12,USD
2025-01-06T19:23:26+0200,Trade,Sell to Open,SELL_TO_OPEN,PATH  250516C00020000,Equity Option,Sold 1 PATH 05/16/25 Call 20.00 @ 0.50,50.00,1,50.00,-1.00,-0.13,100,PATH,PATH,5/16/25,20.0,CALL,359649586,48.87,USD
2025-01-06T19:23:26+0200,Trade,Buy to Open,BUY_TO_OPEN,PATH  250516C00014000,Equity Option,Bought 1 PATH 05/16/25 Call 14.00 @ 2.11,-211.00,1,-211.00,-1.00,-0.12,100,PATH,PATH,5/16/25,14.0,CALL,359649586,-212.12,USD
2025-01-06T18:42:08+0200,Trade,Sell to Open,SELL_TO_OPEN,AAPL  250117C00250000,Equity Option,Sold 1 AAPL 01/17/25 Call 250.00 @ 1.75,175.00,1,175.00,-1.00,-0.13,100,AAPL,AAPL,1/17/25,250.0,CALL,359609757,173.87,USD
2025-01-06T18:42:08+0200,Trade,Buy to Open,BUY_TO_OPEN,AAPL  250117C00245000,Equity Option,Bought 1 AAPL 01/17/25 Call 245.00 @ 4.15,-415.00,1,-415.00,-1.00,-0.12,100,AAPL,AAPL,1/17/25,245.0,CALL,359609757,-416.12,USD
2025-01-06T17:56:09+0200,Trade,Buy to Close,BUY_TO_CLOSE,RDFN  250117C00013000,Equity Option,Bought 1 RDFN 01/17/25 Call 13.00 @ 0.01,-1.00,1,-1.00,0.00,-0.12,100,RDFN,RDFN,1/17/25,13.0,CALL,359547644,-1.12,USD
2025-01-06T17:56:09+0200,Trade,Sell to Close,SELL_TO_CLOSE,RDFN  250117C00008000,Equity Option,Sold 1 RDFN 01/17/25 Call 8.00 @ 0.41,41.00,1,41.00,0.00,-0.13,100,RDFN,RDFN,1/17/25,8.0,CALL,359547644,40.87,USD
2025-01-06T17:13:43+0200,Trade,Buy to Close,BUY_TO_CLOSE,ACAD  250221C00020000,Equity Option,Bought 1 ACAD 02/21/25 Call 20.00 @ 0.59,-59.00,1,-59.00,0.00,-0.12,100,ACAD,ACAD,2/21/25,20.0,CALL,359560001,-59.12,USD
2025-01-06T17:13:43+0200,Trade,Sell to Close,SELL_TO_CLOSE,ACAD  250221C00018000,Equity Option,Sold 1 ACAD 02/21/25 Call 18.00 @ 1.35,135.00,1,135.00,0.00,-0.13,100,ACAD,ACAD,2/21/25,18.0,CALL,359560001,134.87,USD
2025-01-06T16:46:37+0200,Trade,Buy to Close,BUY_TO_CLOSE,CLF   250620C00015000,Equity Option,Bought 1 CLF 06/20/25 Call 15.00 @ 0.43,-43.00,1,-43.00,0.00,-0.12,100,CLF,CLF,6/20/25,15.0,CALL,359532215,-43.12,USD
2025-01-06T16:46:37+0200,Trade,Sell to Close,SELL_TO_CLOSE,CLF   250620C00010000,Equity Option,Sold 1 CLF 06/20/25 Call 10.00 @ 1.63,163.00,1,163.00,0.00,-0.13,100,CLF,CLF,6/20/25,10.0,CALL,359532215,162.87,USD
2025-01-06T16:46:33+0200,Trade,Sell to Close,SELL_TO_CLOSE,NBIS  270115C00055000,Equity Option,Sold 1 NBIS 01/15/27 Call 55.00 @ 10.80,"1,080.00",1,"1,080.00",0.00,-0.16,100,NBIS,NBIS,1/15/27,55.0,CALL,359533258,"1,079.84",USD
2025-01-06T16:39:35+0200,Trade,Sell to Close,SELL_TO_CLOSE,KTOS  250221C00027500,Equity Option,Sold 1 KTOS 02/21/25 Call 27.50 @ 2.95,295.00,1,295.00,0.00,-0.13,100,KTOS,KTOS,2/21/25,27.5,CALL,359525814,294.87,USD
2025-01-06T16:34:02+0200,Trade,Sell to Open,SELL_TO_OPEN,XSP   250516P00585000,Equity Option,Sold 1 XSP 05/16/25 Put 585.00 @ 12.53,"1,253.00",1,"1,253.00",-1.00,-0.16,100,XSP,XSP,5/16/25,585.0,PUT,359515369,"1,251.84",USD
2025-01-06T16:34:02+0200,Trade,Buy to Open,BUY_TO_OPEN,XSP   250516P00590000,Equity Option,Bought 1 XSP 05/16/25 Put 590.00 @ 13.75,"-1,375.00",1,"-1,375.00",-1.00,-0.12,100,XSP,XSP,5/16/25,590.0,PUT,359515369,"-1,376.12",USD
2025-01-06T16:33:15+0200,Trade,Buy to Close,BUY_TO_CLOSE,U     250221C00035000,Equity Option,Bought 1 U 02/21/25 Call 35.00 @ 1.04,-104.00,1,-104.00,0.00,-0.12,100,U,U,2/21/25,35.0,CALL,359505318,-104.12,USD
2025-01-06T16:33:15+0200,Trade,Sell to Close,SELL_TO_CLOSE,U     250221C00025000,Equity Option,Sold 1 U 02/21/25 Call 25.00 @ 3.14,314.00,1,314.00,0.00,-0.13,100,U,U,2/21/25,25.0,CALL,359505318,313.87,USD
2025-01-04T22:29:07+0200,Money Movement,Balance Adjustment,,,,Regulatory fee adjustment,-0.05,0,,--,0.00,,,,,,,,-0.05,USD
2025-01-03T23:00:00+0200,Receive Deliver,Expiration,SELL_TO_CLOSE,TLRY  250103C00001500,Equity Option,Removal of 1.0 TLRY 01/03/25 Call 1.50 due to expiration.,0.00,1,0.00,--,0.00,100,TLRY,TLRY,1/03/25,1.5,CALL,,0.00,USD
2025-01-03T23:00:00+0200,Receive Deliver,Expiration,SELL_TO_CLOSE,NVAX  250103C00009000,Equity Option,Removal of 1.0 NVAX 01/03/25 Call 9.00 due to expiration.,0.00,1,0.00,--,0.00,100,NVAX,NVAX,1/03/25,9.0,CALL,,0.00,USD
2025-01-03T21:34:37+0200,Trade,Sell to Close,SELL_TO_CLOSE,MCHP  250110C00057000,Equity Option,Sold 1 MCHP 01/10/25 Call 57.00 @ 1.84,184.00,1,184.00,0.00,-0.13,100,MCHP,MCHP,1/10/25,57.0,CALL,359425546,183.87,USD
2025-01-03T21:34:37+0200,Trade,Buy to Close,BUY_TO_CLOSE,MCHP  250110C00059500,Equity Option,Bought 1 MCHP 01/10/25 Call 59.50 @ 0.65,-65.00,1,-65.00,0.00,-0.12,100,MCHP,MCHP,1/10/25,59.5,CALL,359425546,-65.12,USD
2025-01-03T18:49:52+0200,Trade,Sell to Open,SELL_TO_OPEN,UBER  250214C00070000,Equity Option,Sold 1 UBER 02/14/25 Call 70.00 @ 2.12,212.00,1,212.00,-1.00,-0.13,100,UBER,UBER,2/14/25,70.0,CALL,359346999,210.87,USD
2025-01-03T18:49:52+0200,Trade,Buy to Open,BUY_TO_OPEN,UBER  250214C00065000,Equity Option,Bought 1 UBER 02/14/25 Call 65.00 @ 3.92,-392.00,1,-392.00,-1.00,-0.12,100,UBER,UBER,2/14/25,65.0,CALL,359346999,-393.12,USD
2025-01-03T18:49:52+0200,Trade,Buy to Close,BUY_TO_CLOSE,UBER  250117C00070000,Equity Option,Bought 1 UBER 01/17/25 Call 70.00 @ 0.29,-29.00,1,-29.00,0.00,-0.12,100,UBER,UBER,1/17/25,70.0,CALL,359346999,-29.12,USD
2025-01-03T18:49:52+0200,Trade,Sell to Close,SELL_TO_CLOSE,UBER  250117C00065000,Equity Option,Sold 1 UBER 01/17/25 Call 65.00 @ 1.44,144.00,1,144.00,0.00,-0.13,100,UBER,UBER,1/17/25,65.0,CALL,359346999,143.87,USD
2025-01-03T18:37:55+0200,Trade,Sell to Open,SELL_TO_OPEN,JOBY  250417C00012000,Equity Option,Sold 1 JOBY 04/17/25 Call 12.00 @ 0.95,95.00,1,95.00,-1.00,-0.13,100,JOBY,JOBY,4/17/25,12.0,CALL,359331293,93.87,USD
2025-01-03T18:37:55+0200,Trade,Buy to Open,BUY_TO_OPEN,JOBY  250417C00008000,Equity Option,Bought 1 JOBY 04/17/25 Call 8.00 @ 2.35,-235.00,1,-235.00,-1.00,-0.12,100,JOBY,JOBY,4/17/25,8.0,CALL,359331293,-236.12,USD
2025-01-03T18:18:27+0200,Trade,Sell to Close,SELL_TO_CLOSE,NOVA  250221C00004000,Equity Option,Sold 1 NOVA 02/21/25 Call 4.00 @ 0.90,90.00,1,90.00,0.00,-0.13,100,NOVA,NOVA,2/21/25,4.0,CALL,359329046,89.87,USD
2025-01-03T18:08:42+0200,Trade,Buy to Open,BUY_TO_OPEN,CYH   250321C00003000,Equity Option,Bought 1 CYH 03/21/25 Call 3.00 @ 0.50,-50.00,1,-50.00,-1.00,-0.12,100,CYH,CYH,3/21/25,3.0,CALL,359325494,-51.12,USD
2025-01-03T16:33:47+0200,Trade,Sell to Close,SELL_TO_CLOSE,BP    250417C00029000,Equity Option,Sold 1 BP 04/17/25 Call 29.00 @ 2.49,249.00,1,249.00,0.00,-0.13,100,BP,BP,4/17/25,29.0,CALL,359243736,248.87,USD
